id	family	shape	selectivity	operator	boundary	projection	limit	targetGraphId	targetGraphIds	selectedGraphCount	workloadIdentity	outcome	rowCount	responseBytes	digest	latencyNanos	fixtureDistributionId	hitGraphIds	executionPath	inputSourceCount	accessedGraphCount	accessedGraphIds	targetGraphAccessCount	nonTargetGraphAccessCount	parallelScanCount	indexLookupCount	peakActiveWorkers	graphWorkUnits	graphIdSourceSelections	graphIdSourcePruningExecutions	graphIdSourcesPruned	filteredNodeLimitFastPathExecutions	generalFallbackExecutions
global-wide-four-properties-zero	global-wide	global-wide-four-properties	zero	raw-contains	single-query	properties	200			0	47c5f2f8275ab2447995a1b45a36cd5b0b70e258e0f75934abd1f0cef5c2b93e	success	0	147	805c8c7334c868e18e2be84be95b83cc60895722d739c2b164a68be4cd410c49	269958292			cross-graph-query	64	64	fixture-android-00,fixture-android-01,fixture-android-02,fixture-android-03,fixture-android-04,fixture-android-05,fixture-android-06,fixture-android-07,fixture-android-08,fixture-android-09,fixture-android-10,fixture-android-11,fixture-android-12,fixture-android-13,fixture-android-14,fixture-android-15,fixture-hive-00,fixture-hive-01,fixture-hive-02,fixture-hive-03,fixture-hive-04,fixture-hive-05,fixture-hive-06,fixture-hive-07,fixture-hive-08,fixture-hive-09,fixture-hive-10,fixture-hive-11,fixture-hive-12,fixture-hive-13,fixture-hive-14,fixture-hive-15,fixture-kotlin-compiler-00,fixture-kotlin-compiler-01,fixture-kotlin-compiler-02,fixture-kotlin-compiler-03,fixture-kotlin-compiler-04,fixture-kotlin-compiler-05,fixture-kotlin-compiler-06,fixture-kotlin-compiler-07,fixture-kotlin-compiler-08,fixture-kotlin-compiler-09,fixture-kotlin-compiler-10,fixture-kotlin-compiler-11,fixture-kotlin-compiler-12,fixture-kotlin-compiler-13,fixture-kotlin-compiler-14,fixture-kotlin-compiler-15,fixture-tika-00,fixture-tika-01,fixture-tika-02,fixture-tika-03,fixture-tika-04,fixture-tika-05,fixture-tika-06,fixture-tika-07,fixture-tika-08,fixture-tika-09,fixture-tika-10,fixture-tika-11,fixture-tika-12,fixture-tika-13,fixture-tika-14,fixture-tika-15	0	64	0	0	0	57642093	0	0	0	1	0
global-wide-four-properties-targeted	global-wide	global-wide-four-properties	targeted	raw-contains	single-query	properties	200			0	47c5f2f8275ab2447995a1b45a36cd5b0b70e258e0f75934abd1f0cef5c2b93e	success	11	6277	ca01ade166f4156fe11d166c7832fed45bfbdf107060915eb0c8f2df36ef35ed	9512250		fixture-android-00,fixture-android-09	cross-graph-query	64	64	fixture-android-00,fixture-android-01,fixture-android-02,fixture-android-03,fixture-android-04,fixture-android-05,fixture-android-06,fixture-android-07,fixture-android-08,fixture-android-09,fixture-android-10,fixture-android-11,fixture-android-12,fixture-android-13,fixture-android-14,fixture-android-15,fixture-hive-00,fixture-hive-01,fixture-hive-02,fixture-hive-03,fixture-hive-04,fixture-hive-05,fixture-hive-06,fixture-hive-07,fixture-hive-08,fixture-hive-09,fixture-hive-10,fixture-hive-11,fixture-hive-12,fixture-hive-13,fixture-hive-14,fixture-hive-15,fixture-kotlin-compiler-00,fixture-kotlin-compiler-01,fixture-kotlin-compiler-02,fixture-kotlin-compiler-03,fixture-kotlin-compiler-04,fixture-kotlin-compiler-05,fixture-kotlin-compiler-06,fixture-kotlin-compiler-07,fixture-kotlin-compiler-08,fixture-kotlin-compiler-09,fixture-kotlin-compiler-10,fixture-kotlin-compiler-11,fixture-kotlin-compiler-12,fixture-kotlin-compiler-13,fixture-kotlin-compiler-14,fixture-kotlin-compiler-15,fixture-tika-00,fixture-tika-01,fixture-tika-02,fixture-tika-03,fixture-tika-04,fixture-tika-05,fixture-tika-06,fixture-tika-07,fixture-tika-08,fixture-tika-09,fixture-tika-10,fixture-tika-11,fixture-tika-12,fixture-tika-13,fixture-tika-14,fixture-tika-15	0	64	0	0	0	2315	0	0	0	1	0
global-wide-four-properties-dense	global-wide	global-wide-four-properties	dense	raw-contains	single-query	properties	200			0	47c5f2f8275ab2447995a1b45a36cd5b0b70e258e0f75934abd1f0cef5c2b93e	success	200	84412	8eceb0bb70ccfdd593dcb45e66de5d2b8ea8dae746bc99461d0899dc8d12c31a	3904375		fixture-android-00	cross-graph-query	64	1	fixture-android-00	0	1	0	0	0	681	0	0	0	1	0
global-wide-class-pair-zero	global-wide	global-wide-class-pair	zero	raw-contains	single-query	class-properties	200			0	2884fe5070e6e70bd2c44e54af37c56e2cfd19343a8721d5b36093d7d1db0f7d	success	0	84	425b336aa734c4a1ffbfb58aeaf5489b33f919170492c4bff859504736492e7f	1901167			cross-graph-query	64	64	fixture-android-00,fixture-android-01,fixture-android-02,fixture-android-03,fixture-android-04,fixture-android-05,fixture-android-06,fixture-android-07,fixture-android-08,fixture-android-09,fixture-android-10,fixture-android-11,fixture-android-12,fixture-android-13,fixture-android-14,fixture-android-15,fixture-hive-00,fixture-hive-01,fixture-hive-02,fixture-hive-03,fixture-hive-04,fixture-hive-05,fixture-hive-06,fixture-hive-07,fixture-hive-08,fixture-hive-09,fixture-hive-10,fixture-hive-11,fixture-hive-12,fixture-hive-13,fixture-hive-14,fixture-hive-15,fixture-kotlin-compiler-00,fixture-kotlin-compiler-01,fixture-kotlin-compiler-02,fixture-kotlin-compiler-03,fixture-kotlin-compiler-04,fixture-kotlin-compiler-05,fixture-kotlin-compiler-06,fixture-kotlin-compiler-07,fixture-kotlin-compiler-08,fixture-kotlin-compiler-09,fixture-kotlin-compiler-10,fixture-kotlin-compiler-11,fixture-kotlin-compiler-12,fixture-kotlin-compiler-13,fixture-kotlin-compiler-14,fixture-kotlin-compiler-15,fixture-tika-00,fixture-tika-01,fixture-tika-02,fixture-tika-03,fixture-tika-04,fixture-tika-05,fixture-tika-06,fixture-tika-07,fixture-tika-08,fixture-tika-09,fixture-tika-10,fixture-tika-11,fixture-tika-12,fixture-tika-13,fixture-tika-14,fixture-tika-15	0	64	0	0	0	99	0	0	0	1	0
global-wide-class-pair-targeted	global-wide	global-wide-class-pair	targeted	raw-contains	single-query	class-properties	200			0	2884fe5070e6e70bd2c44e54af37c56e2cfd19343a8721d5b36093d7d1db0f7d	success	1	548	293726158b0e5fab1ac11826253b0682c325d22e027a3b3fd202214984b341d6	4278875		fixture-android-07	cross-graph-query	64	64	fixture-android-00,fixture-android-01,fixture-android-02,fixture-android-03,fixture-android-04,fixture-android-05,fixture-android-06,fixture-android-07,fixture-android-08,fixture-android-09,fixture-android-10,fixture-android-11,fixture-android-12,fixture-android-13,fixture-android-14,fixture-android-15,fixture-hive-00,fixture-hive-01,fixture-hive-02,fixture-hive-03,fixture-hive-04,fixture-hive-05,fixture-hive-06,fixture-hive-07,fixture-hive-08,fixture-hive-09,fixture-hive-10,fixture-hive-11,fixture-hive-12,fixture-hive-13,fixture-hive-14,fixture-hive-15,fixture-kotlin-compiler-00,fixture-kotlin-compiler-01,fixture-kotlin-compiler-02,fixture-kotlin-compiler-03,fixture-kotlin-compiler-04,fixture-kotlin-compiler-05,fixture-kotlin-compiler-06,fixture-kotlin-compiler-07,fixture-kotlin-compiler-08,fixture-kotlin-compiler-09,fixture-kotlin-compiler-10,fixture-kotlin-compiler-11,fixture-kotlin-compiler-12,fixture-kotlin-compiler-13,fixture-kotlin-compiler-14,fixture-kotlin-compiler-15,fixture-tika-00,fixture-tika-01,fixture-tika-02,fixture-tika-03,fixture-tika-04,fixture-tika-05,fixture-tika-06,fixture-tika-07,fixture-tika-08,fixture-tika-09,fixture-tika-10,fixture-tika-11,fixture-tika-12,fixture-tika-13,fixture-tika-14,fixture-tika-15	0	64	0	0	0	2674	0	0	0	1	0
global-wide-class-pair-dense	global-wide	global-wide-class-pair	dense	raw-contains	single-query	class-properties	200			0	47c5f2f8275ab2447995a1b45a36cd5b0b70e258e0f75934abd1f0cef5c2b93e	success	200	60629	81d3eb1768219b0da6ffd7c3b85945b972fea0dcf7b73f3c4ab85cb548d7f0cf	1081625		fixture-android-00	cross-graph-query	64	1	fixture-android-00	0	1	0	0	0	200	0	0	0	1	0
global-wide-name-pair-zero	global-wide	global-wide-name-pair	zero	raw-contains	single-query	name-properties	200			0	caf42d54ef3437f216c963929327ed5ef3f52ce080fa2be4c3305c2370617ab1	success	0	82	3ccae830dbdb8a07387e7c7e6dc034be54ba0aabd8aed60d7c03e33380639d25	1745459			cross-graph-query	64	64	fixture-android-00,fixture-android-01,fixture-android-02,fixture-android-03,fixture-android-04,fixture-android-05,fixture-android-06,fixture-android-07,fixture-android-08,fixture-android-09,fixture-android-10,fixture-android-11,fixture-android-12,fixture-android-13,fixture-android-14,fixture-android-15,fixture-hive-00,fixture-hive-01,fixture-hive-02,fixture-hive-03,fixture-hive-04,fixture-hive-05,fixture-hive-06,fixture-hive-07,fixture-hive-08,fixture-hive-09,fixture-hive-10,fixture-hive-11,fixture-hive-12,fixture-hive-13,fixture-hive-14,fixture-hive-15,fixture-kotlin-compiler-00,fixture-kotlin-compiler-01,fixture-kotlin-compiler-02,fixture-kotlin-compiler-03,fixture-kotlin-compiler-04,fixture-kotlin-compiler-05,fixture-kotlin-compiler-06,fixture-kotlin-compiler-07,fixture-kotlin-compiler-08,fixture-kotlin-compiler-09,fixture-kotlin-compiler-10,fixture-kotlin-compiler-11,fixture-kotlin-compiler-12,fixture-kotlin-compiler-13,fixture-kotlin-compiler-14,fixture-kotlin-compiler-15,fixture-tika-00,fixture-tika-01,fixture-tika-02,fixture-tika-03,fixture-tika-04,fixture-tika-05,fixture-tika-06,fixture-tika-07,fixture-tika-08,fixture-tika-09,fixture-tika-10,fixture-tika-11,fixture-tika-12,fixture-tika-13,fixture-tika-14,fixture-tika-15	0	64	0	0	0	99	0	0	0	1	0
global-wide-name-pair-targeted	global-wide	global-wide-name-pair	targeted	raw-contains	single-query	name-properties	200			0	caf42d54ef3437f216c963929327ed5ef3f52ce080fa2be4c3305c2370617ab1	success	4	1103	58540b74d820ca24f3d68b0b7fb18b59338e9416511998c40901a1ea0e3da925	4220084		fixture-android-03,fixture-android-14	cross-graph-query	64	64	fixture-android-00,fixture-android-01,fixture-android-02,fixture-android-03,fixture-android-04,fixture-android-05,fixture-android-06,fixture-android-07,fixture-android-08,fixture-android-09,fixture-android-10,fixture-android-11,fixture-android-12,fixture-android-13,fixture-android-14,fixture-android-15,fixture-hive-00,fixture-hive-01,fixture-hive-02,fixture-hive-03,fixture-hive-04,fixture-hive-05,fixture-hive-06,fixture-hive-07,fixture-hive-08,fixture-hive-09,fixture-hive-10,fixture-hive-11,fixture-hive-12,fixture-hive-13,fixture-hive-14,fixture-hive-15,fixture-kotlin-compiler-00,fixture-kotlin-compiler-01,fixture-kotlin-compiler-02,fixture-kotlin-compiler-03,fixture-kotlin-compiler-04,fixture-kotlin-compiler-05,fixture-kotlin-compiler-06,fixture-kotlin-compiler-07,fixture-kotlin-compiler-08,fixture-kotlin-compiler-09,fixture-kotlin-compiler-10,fixture-kotlin-compiler-11,fixture-kotlin-compiler-12,fixture-kotlin-compiler-13,fixture-kotlin-compiler-14,fixture-kotlin-compiler-15,fixture-tika-00,fixture-tika-01,fixture-tika-02,fixture-tika-03,fixture-tika-04,fixture-tika-05,fixture-tika-06,fixture-tika-07,fixture-tika-08,fixture-tika-09,fixture-tika-10,fixture-tika-11,fixture-tika-12,fixture-tika-13,fixture-tika-14,fixture-tika-15	0	64	0	0	0	4650	0	0	0	1	0
global-wide-name-pair-dense	global-wide	global-wide-name-pair	dense	raw-contains	single-query	name-properties	200			0	47c5f2f8275ab2447995a1b45a36cd5b0b70e258e0f75934abd1f0cef5c2b93e	success	200	52008	cb35d833bb790432aec3a1d31677653b78a921e9c16abed9af2e31b673ab2819	782750		fixture-android-00	cross-graph-query	64	1	fixture-android-00	0	1	0	0	0	200	0	0	0	1	0
global-wide-caller-class-zero	global-wide	global-wide-caller-class	zero	raw-contains	single-query	caller-class	200			0	a70ca503c8d7edc9fd5b26430e9c4bd9517cfcf9084469733cfeff8a4fef63f8	success	0	52	49a026e323beb71e70addfd97b163cb2851f30cc7d78914fb454d79e4dac8372	1324833			cross-graph-query	64	64	fixture-android-00,fixture-android-01,fixture-android-02,fixture-android-03,fixture-android-04,fixture-android-05,fixture-android-06,fixture-android-07,fixture-android-08,fixture-android-09,fixture-android-10,fixture-android-11,fixture-android-12,fixture-android-13,fixture-android-14,fixture-android-15,fixture-hive-00,fixture-hive-01,fixture-hive-02,fixture-hive-03,fixture-hive-04,fixture-hive-05,fixture-hive-06,fixture-hive-07,fixture-hive-08,fixture-hive-09,fixture-hive-10,fixture-hive-11,fixture-hive-12,fixture-hive-13,fixture-hive-14,fixture-hive-15,fixture-kotlin-compiler-00,fixture-kotlin-compiler-01,fixture-kotlin-compiler-02,fixture-kotlin-compiler-03,fixture-kotlin-compiler-04,fixture-kotlin-compiler-05,fixture-kotlin-compiler-06,fixture-kotlin-compiler-07,fixture-kotlin-compiler-08,fixture-kotlin-compiler-09,fixture-kotlin-compiler-10,fixture-kotlin-compiler-11,fixture-kotlin-compiler-12,fixture-kotlin-compiler-13,fixture-kotlin-compiler-14,fixture-kotlin-compiler-15,fixture-tika-00,fixture-tika-01,fixture-tika-02,fixture-tika-03,fixture-tika-04,fixture-tika-05,fixture-tika-06,fixture-tika-07,fixture-tika-08,fixture-tika-09,fixture-tika-10,fixture-tika-11,fixture-tika-12,fixture-tika-13,fixture-tika-14,fixture-tika-15	0	64	0	0	0	99	0	0	0	1	0
global-wide-caller-class-targeted	global-wide	global-wide-caller-class	targeted	raw-contains	single-query	caller-class	200			0	a70ca503c8d7edc9fd5b26430e9c4bd9517cfcf9084469733cfeff8a4fef63f8	success	2	690	71d6d516eb1b38878b6c3fb33515ffbef9ce1e392274e3672fadb25c6d59468c	2527959		fixture-tika-05,fixture-tika-15	cross-graph-query	64	64	fixture-android-00,fixture-android-01,fixture-android-02,fixture-android-03,fixture-android-04,fixture-android-05,fixture-android-06,fixture-android-07,fixture-android-08,fixture-android-09,fixture-android-10,fixture-android-11,fixture-android-12,fixture-android-13,fixture-android-14,fixture-android-15,fixture-hive-00,fixture-hive-01,fixture-hive-02,fixture-hive-03,fixture-hive-04,fixture-hive-05,fixture-hive-06,fixture-hive-07,fixture-hive-08,fixture-hive-09,fixture-hive-10,fixture-hive-11,fixture-hive-12,fixture-hive-13,fixture-hive-14,fixture-hive-15,fixture-kotlin-compiler-00,fixture-kotlin-compiler-01,fixture-kotlin-compiler-02,fixture-kotlin-compiler-03,fixture-kotlin-compiler-04,fixture-kotlin-compiler-05,fixture-kotlin-compiler-06,fixture-kotlin-compiler-07,fixture-kotlin-compiler-08,fixture-kotlin-compiler-09,fixture-kotlin-compiler-10,fixture-kotlin-compiler-11,fixture-kotlin-compiler-12,fixture-kotlin-compiler-13,fixture-kotlin-compiler-14,fixture-kotlin-compiler-15,fixture-tika-00,fixture-tika-01,fixture-tika-02,fixture-tika-03,fixture-tika-04,fixture-tika-05,fixture-tika-06,fixture-tika-07,fixture-tika-08,fixture-tika-09,fixture-tika-10,fixture-tika-11,fixture-tika-12,fixture-tika-13,fixture-tika-14,fixture-tika-15	0	64	0	0	0	2566	0	0	0	1	0
global-wide-caller-class-dense	global-wide	global-wide-caller-class	dense	raw-contains	single-query	caller-class	200			0	47c5f2f8275ab2447995a1b45a36cd5b0b70e258e0f75934abd1f0cef5c2b93e	success	200	45685	4acba209fd2966a95b338a6ca2bb4826cae6e1bc982fb1e8f624274f38af44fd	505875		fixture-android-00	cross-graph-query	64	1	fixture-android-00	0	1	0	0	0	200	0	0	0	1	0
global-wide-callee-class-zero	global-wide	global-wide-callee-class	zero	raw-contains	single-query	callee-class	200			0	333b320af3f398d083e1d44b1a79e54fa546da12ce118f18db6f7cc3387398c8	success	0	52	4b6b439db49d0055828a93fdeb339f15977e31edc79e5cbecac39307b3c93d34	1333416			cross-graph-query	64	64	fixture-android-00,fixture-android-01,fixture-android-02,fixture-android-03,fixture-android-04,fixture-android-05,fixture-android-06,fixture-android-07,fixture-android-08,fixture-android-09,fixture-android-10,fixture-android-11,fixture-android-12,fixture-android-13,fixture-android-14,fixture-android-15,fixture-hive-00,fixture-hive-01,fixture-hive-02,fixture-hive-03,fixture-hive-04,fixture-hive-05,fixture-hive-06,fixture-hive-07,fixture-hive-08,fixture-hive-09,fixture-hive-10,fixture-hive-11,fixture-hive-12,fixture-hive-13,fixture-hive-14,fixture-hive-15,fixture-kotlin-compiler-00,fixture-kotlin-compiler-01,fixture-kotlin-compiler-02,fixture-kotlin-compiler-03,fixture-kotlin-compiler-04,fixture-kotlin-compiler-05,fixture-kotlin-compiler-06,fixture-kotlin-compiler-07,fixture-kotlin-compiler-08,fixture-kotlin-compiler-09,fixture-kotlin-compiler-10,fixture-kotlin-compiler-11,fixture-kotlin-compiler-12,fixture-kotlin-compiler-13,fixture-kotlin-compiler-14,fixture-kotlin-compiler-15,fixture-tika-00,fixture-tika-01,fixture-tika-02,fixture-tika-03,fixture-tika-04,fixture-tika-05,fixture-tika-06,fixture-tika-07,fixture-tika-08,fixture-tika-09,fixture-tika-10,fixture-tika-11,fixture-tika-12,fixture-tika-13,fixture-tika-14,fixture-tika-15	0	64	0	0	0	99	0	0	0	1	0
global-wide-callee-class-targeted	global-wide	global-wide-callee-class	targeted	raw-contains	single-query	callee-class	200			0	333b320af3f398d083e1d44b1a79e54fa546da12ce118f18db6f7cc3387398c8	success	13	3106	38accaa3de2bf6856772e7af245aab8ef28aa1b18d695c5c6636f16b84eda1fe	2115416		fixture-tika-02,fixture-tika-12	cross-graph-query	64	64	fixture-android-00,fixture-android-01,fixture-android-02,fixture-android-03,fixture-android-04,fixture-android-05,fixture-android-06,fixture-android-07,fixture-android-08,fixture-android-09,fixture-android-10,fixture-android-11,fixture-android-12,fixture-android-13,fixture-android-14,fixture-android-15,fixture-hive-00,fixture-hive-01,fixture-hive-02,fixture-hive-03,fixture-hive-04,fixture-hive-05,fixture-hive-06,fixture-hive-07,fixture-hive-08,fixture-hive-09,fixture-hive-10,fixture-hive-11,fixture-hive-12,fixture-hive-13,fixture-hive-14,fixture-hive-15,fixture-kotlin-compiler-00,fixture-kotlin-compiler-01,fixture-kotlin-compiler-02,fixture-kotlin-compiler-03,fixture-kotlin-compiler-04,fixture-kotlin-compiler-05,fixture-kotlin-compiler-06,fixture-kotlin-compiler-07,fixture-kotlin-compiler-08,fixture-kotlin-compiler-09,fixture-kotlin-compiler-10,fixture-kotlin-compiler-11,fixture-kotlin-compiler-12,fixture-kotlin-compiler-13,fixture-kotlin-compiler-14,fixture-kotlin-compiler-15,fixture-tika-00,fixture-tika-01,fixture-tika-02,fixture-tika-03,fixture-tika-04,fixture-tika-05,fixture-tika-06,fixture-tika-07,fixture-tika-08,fixture-tika-09,fixture-tika-10,fixture-tika-11,fixture-tika-12,fixture-tika-13,fixture-tika-14,fixture-tika-15	0	64	0	0	0	2015	0	0	0	1	0
global-wide-callee-class-dense	global-wide	global-wide-callee-class	dense	raw-contains	single-query	callee-class	200			0	47c5f2f8275ab2447995a1b45a36cd5b0b70e258e0f75934abd1f0cef5c2b93e	success	200	43370	4612b6fd3373ac72f1504e0f36e283689f5d39f8d1ee079417b1b2cce0b575a5	431083		fixture-android-00	cross-graph-query	64	1	fixture-android-00	0	1	0	0	0	200	0	0	0	1	0
global-wide-provenance-zero	global-wide	global-wide-provenance	zero	raw-contains	single-query	graph-id-properties	200			0	bc37ba5880a9fc3e89dea2bf6571ad8db10f8c499dfca7c678b831d8edb064fe	success	0	173	21514b44bab7a7f1a700cdc7119f3ce1b4ea8304c84e402ddb5f9775b21dd8af	967166			cross-graph-query	64	64	fixture-android-00,fixture-android-01,fixture-android-02,fixture-android-03,fixture-android-04,fixture-android-05,fixture-android-06,fixture-android-07,fixture-android-08,fixture-android-09,fixture-android-10,fixture-android-11,fixture-android-12,fixture-android-13,fixture-android-14,fixture-android-15,fixture-hive-00,fixture-hive-01,fixture-hive-02,fixture-hive-03,fixture-hive-04,fixture-hive-05,fixture-hive-06,fixture-hive-07,fixture-hive-08,fixture-hive-09,fixture-hive-10,fixture-hive-11,fixture-hive-12,fixture-hive-13,fixture-hive-14,fixture-hive-15,fixture-kotlin-compiler-00,fixture-kotlin-compiler-01,fixture-kotlin-compiler-02,fixture-kotlin-compiler-03,fixture-kotlin-compiler-04,fixture-kotlin-compiler-05,fixture-kotlin-compiler-06,fixture-kotlin-compiler-07,fixture-kotlin-compiler-08,fixture-kotlin-compiler-09,fixture-kotlin-compiler-10,fixture-kotlin-compiler-11,fixture-kotlin-compiler-12,fixture-kotlin-compiler-13,fixture-kotlin-compiler-14,fixture-kotlin-compiler-15,fixture-tika-00,fixture-tika-01,fixture-tika-02,fixture-tika-03,fixture-tika-04,fixture-tika-05,fixture-tika-06,fixture-tika-07,fixture-tika-08,fixture-tika-09,fixture-tika-10,fixture-tika-11,fixture-tika-12,fixture-tika-13,fixture-tika-14,fixture-tika-15	0	64	0	0	0	99	0	0	0	1	0
global-wide-provenance-targeted	global-wide	global-wide-provenance	targeted	raw-contains	single-query	graph-id-properties	200			0	bc37ba5880a9fc3e89dea2bf6571ad8db10f8c499dfca7c678b831d8edb064fe	success	5	3686	e03733885fccd27d09d67440e488d5be3f0db06077f0518c35fad38155449305	2802667		fixture-hive-03,fixture-hive-11	cross-graph-query	64	64	fixture-android-00,fixture-android-01,fixture-android-02,fixture-android-03,fixture-android-04,fixture-android-05,fixture-android-06,fixture-android-07,fixture-android-08,fixture-android-09,fixture-android-10,fixture-android-11,fixture-android-12,fixture-android-13,fixture-android-14,fixture-android-15,fixture-hive-00,fixture-hive-01,fixture-hive-02,fixture-hive-03,fixture-hive-04,fixture-hive-05,fixture-hive-06,fixture-hive-07,fixture-hive-08,fixture-hive-09,fixture-hive-10,fixture-hive-11,fixture-hive-12,fixture-hive-13,fixture-hive-14,fixture-hive-15,fixture-kotlin-compiler-00,fixture-kotlin-compiler-01,fixture-kotlin-compiler-02,fixture-kotlin-compiler-03,fixture-kotlin-compiler-04,fixture-kotlin-compiler-05,fixture-kotlin-compiler-06,fixture-kotlin-compiler-07,fixture-kotlin-compiler-08,fixture-kotlin-compiler-09,fixture-kotlin-compiler-10,fixture-kotlin-compiler-11,fixture-kotlin-compiler-12,fixture-kotlin-compiler-13,fixture-kotlin-compiler-14,fixture-kotlin-compiler-15,fixture-tika-00,fixture-tika-01,fixture-tika-02,fixture-tika-03,fixture-tika-04,fixture-tika-05,fixture-tika-06,fixture-tika-07,fixture-tika-08,fixture-tika-09,fixture-tika-10,fixture-tika-11,fixture-tika-12,fixture-tika-13,fixture-tika-14,fixture-tika-15	0	64	0	0	0	3382	0	0	0	1	0
global-wide-provenance-dense	global-wide	global-wide-provenance	dense	raw-contains	single-query	graph-id-properties	200			0	47c5f2f8275ab2447995a1b45a36cd5b0b70e258e0f75934abd1f0cef5c2b93e	success	200	96838	0195b457e87cb89f9435db8fabc1571a1cc9b3c89510875ac7eb56a14bd74eaf	852958		fixture-android-00	cross-graph-query	64	1	fixture-android-00	0	1	0	0	0	200	0	0	0	1	0
global-wide-aliased-zero	global-wide	global-wide-aliased	zero	raw-contains	single-query	aliased-properties	200			0	e942f277a2b44bd11b03bd9380dd5388338721030a1701c31ff2277dd8f8cd9a	success	0	127	204c1d27407857dc7d7e40edba750f7e94fe476df82ab2ae0618ecb2491bc113	924500			cross-graph-query	64	64	fixture-android-00,fixture-android-01,fixture-android-02,fixture-android-03,fixture-android-04,fixture-android-05,fixture-android-06,fixture-android-07,fixture-android-08,fixture-android-09,fixture-android-10,fixture-android-11,fixture-android-12,fixture-android-13,fixture-android-14,fixture-android-15,fixture-hive-00,fixture-hive-01,fixture-hive-02,fixture-hive-03,fixture-hive-04,fixture-hive-05,fixture-hive-06,fixture-hive-07,fixture-hive-08,fixture-hive-09,fixture-hive-10,fixture-hive-11,fixture-hive-12,fixture-hive-13,fixture-hive-14,fixture-hive-15,fixture-kotlin-compiler-00,fixture-kotlin-compiler-01,fixture-kotlin-compiler-02,fixture-kotlin-compiler-03,fixture-kotlin-compiler-04,fixture-kotlin-compiler-05,fixture-kotlin-compiler-06,fixture-kotlin-compiler-07,fixture-kotlin-compiler-08,fixture-kotlin-compiler-09,fixture-kotlin-compiler-10,fixture-kotlin-compiler-11,fixture-kotlin-compiler-12,fixture-kotlin-compiler-13,fixture-kotlin-compiler-14,fixture-kotlin-compiler-15,fixture-tika-00,fixture-tika-01,fixture-tika-02,fixture-tika-03,fixture-tika-04,fixture-tika-05,fixture-tika-06,fixture-tika-07,fixture-tika-08,fixture-tika-09,fixture-tika-10,fixture-tika-11,fixture-tika-12,fixture-tika-13,fixture-tika-14,fixture-tika-15	0	64	0	0	0	99	0	0	0	1	0
global-wide-aliased-targeted	global-wide	global-wide-aliased	targeted	raw-contains	single-query	aliased-properties	200			0	e942f277a2b44bd11b03bd9380dd5388338721030a1701c31ff2277dd8f8cd9a	success	68	41116	ad659bfee58b6bedbfe40a71c4fad3a9ae4b1fcbbae0a4465fc1383dbba89f8d	3229042		fixture-hive-08,fixture-hive-10,fixture-hive-13	cross-graph-query	64	64	fixture-android-00,fixture-android-01,fixture-android-02,fixture-android-03,fixture-android-04,fixture-android-05,fixture-android-06,fixture-android-07,fixture-android-08,fixture-android-09,fixture-android-10,fixture-android-11,fixture-android-12,fixture-android-13,fixture-android-14,fixture-android-15,fixture-hive-00,fixture-hive-01,fixture-hive-02,fixture-hive-03,fixture-hive-04,fixture-hive-05,fixture-hive-06,fixture-hive-07,fixture-hive-08,fixture-hive-09,fixture-hive-10,fixture-hive-11,fixture-hive-12,fixture-hive-13,fixture-hive-14,fixture-hive-15,fixture-kotlin-compiler-00,fixture-kotlin-compiler-01,fixture-kotlin-compiler-02,fixture-kotlin-compiler-03,fixture-kotlin-compiler-04,fixture-kotlin-compiler-05,fixture-kotlin-compiler-06,fixture-kotlin-compiler-07,fixture-kotlin-compiler-08,fixture-kotlin-compiler-09,fixture-kotlin-compiler-10,fixture-kotlin-compiler-11,fixture-kotlin-compiler-12,fixture-kotlin-compiler-13,fixture-kotlin-compiler-14,fixture-kotlin-compiler-15,fixture-tika-00,fixture-tika-01,fixture-tika-02,fixture-tika-03,fixture-tika-04,fixture-tika-05,fixture-tika-06,fixture-tika-07,fixture-tika-08,fixture-tika-09,fixture-tika-10,fixture-tika-11,fixture-tika-12,fixture-tika-13,fixture-tika-14,fixture-tika-15	0	64	0	0	0	3955	0	0	0	1	0
global-wide-aliased-dense	global-wide	global-wide-aliased	dense	raw-contains	single-query	aliased-properties	200			0	47c5f2f8275ab2447995a1b45a36cd5b0b70e258e0f75934abd1f0cef5c2b93e	success	200	80392	ff07e16e7d2fb977a5bd5b90d859a49a4a57c15852658928bd8ec41286ffb6d0	770250		fixture-android-00	cross-graph-query	64	1	fixture-android-00	0	1	0	0	0	200	0	0	0	1	0
global-wide-parameterized-zero	global-wide	global-wide-parameterized	zero	raw-contains	parameters	properties	200			0	a2378f34cd746f343988852d75ea5d50b8bfe89e6cd965dacb19b742e3a8c966	success	0	147	805c8c7334c868e18e2be84be95b83cc60895722d739c2b164a68be4cd410c49	932209			cross-graph-query	64	64	fixture-android-00,fixture-android-01,fixture-android-02,fixture-android-03,fixture-android-04,fixture-android-05,fixture-android-06,fixture-android-07,fixture-android-08,fixture-android-09,fixture-android-10,fixture-android-11,fixture-android-12,fixture-android-13,fixture-android-14,fixture-android-15,fixture-hive-00,fixture-hive-01,fixture-hive-02,fixture-hive-03,fixture-hive-04,fixture-hive-05,fixture-hive-06,fixture-hive-07,fixture-hive-08,fixture-hive-09,fixture-hive-10,fixture-hive-11,fixture-hive-12,fixture-hive-13,fixture-hive-14,fixture-hive-15,fixture-kotlin-compiler-00,fixture-kotlin-compiler-01,fixture-kotlin-compiler-02,fixture-kotlin-compiler-03,fixture-kotlin-compiler-04,fixture-kotlin-compiler-05,fixture-kotlin-compiler-06,fixture-kotlin-compiler-07,fixture-kotlin-compiler-08,fixture-kotlin-compiler-09,fixture-kotlin-compiler-10,fixture-kotlin-compiler-11,fixture-kotlin-compiler-12,fixture-kotlin-compiler-13,fixture-kotlin-compiler-14,fixture-kotlin-compiler-15,fixture-tika-00,fixture-tika-01,fixture-tika-02,fixture-tika-03,fixture-tika-04,fixture-tika-05,fixture-tika-06,fixture-tika-07,fixture-tika-08,fixture-tika-09,fixture-tika-10,fixture-tika-11,fixture-tika-12,fixture-tika-13,fixture-tika-14,fixture-tika-15	0	64	0	0	0	99	0	0	0	1	0
global-wide-parameterized-targeted	global-wide	global-wide-parameterized	targeted	raw-contains	parameters	properties	200			0	a2378f34cd746f343988852d75ea5d50b8bfe89e6cd965dacb19b742e3a8c966	success	4	2598	d72c68d3fe0e8e0257e28136dfcba3f279a31d304b51dc9611dfa7b0f16169a8	2132042		fixture-kotlin-compiler-01	cross-graph-query	64	64	fixture-android-00,fixture-android-01,fixture-android-02,fixture-android-03,fixture-android-04,fixture-android-05,fixture-android-06,fixture-android-07,fixture-android-08,fixture-android-09,fixture-android-10,fixture-android-11,fixture-android-12,fixture-android-13,fixture-android-14,fixture-android-15,fixture-hive-00,fixture-hive-01,fixture-hive-02,fixture-hive-03,fixture-hive-04,fixture-hive-05,fixture-hive-06,fixture-hive-07,fixture-hive-08,fixture-hive-09,fixture-hive-10,fixture-hive-11,fixture-hive-12,fixture-hive-13,fixture-hive-14,fixture-hive-15,fixture-kotlin-compiler-00,fixture-kotlin-compiler-01,fixture-kotlin-compiler-02,fixture-kotlin-compiler-03,fixture-kotlin-compiler-04,fixture-kotlin-compiler-05,fixture-kotlin-compiler-06,fixture-kotlin-compiler-07,fixture-kotlin-compiler-08,fixture-kotlin-compiler-09,fixture-kotlin-compiler-10,fixture-kotlin-compiler-11,fixture-kotlin-compiler-12,fixture-kotlin-compiler-13,fixture-kotlin-compiler-14,fixture-kotlin-compiler-15,fixture-tika-00,fixture-tika-01,fixture-tika-02,fixture-tika-03,fixture-tika-04,fixture-tika-05,fixture-tika-06,fixture-tika-07,fixture-tika-08,fixture-tika-09,fixture-tika-10,fixture-tika-11,fixture-tika-12,fixture-tika-13,fixture-tika-14,fixture-tika-15	0	64	0	0	0	2781	0	0	0	1	0
global-wide-parameterized-dense	global-wide	global-wide-parameterized	dense	raw-contains	parameters	properties	200			0	47c5f2f8275ab2447995a1b45a36cd5b0b70e258e0f75934abd1f0cef5c2b93e	success	200	84412	8eceb0bb70ccfdd593dcb45e66de5d2b8ea8dae746bc99461d0899dc8d12c31a	787500		fixture-android-00	cross-graph-query	64	1	fixture-android-00	0	1	0	0	0	200	0	0	0	1	0
global-wide-wrapped-case-insensitive-zero	global-wide	global-wide-wrapped-case-insensitive	zero	wrapped-lowercase-contains	single-query	properties	200			0	37be466842d1f239df76fe55e92f6769fc0b2d6e47e43f0020c40a8ce8422cb0	success	0	147	805c8c7334c868e18e2be84be95b83cc60895722d739c2b164a68be4cd410c49	1150459			cross-graph-query	64	64	fixture-android-00,fixture-android-01,fixture-android-02,fixture-android-03,fixture-android-04,fixture-android-05,fixture-android-06,fixture-android-07,fixture-android-08,fixture-android-09,fixture-android-10,fixture-android-11,fixture-android-12,fixture-android-13,fixture-android-14,fixture-android-15,fixture-hive-00,fixture-hive-01,fixture-hive-02,fixture-hive-03,fixture-hive-04,fixture-hive-05,fixture-hive-06,fixture-hive-07,fixture-hive-08,fixture-hive-09,fixture-hive-10,fixture-hive-11,fixture-hive-12,fixture-hive-13,fixture-hive-14,fixture-hive-15,fixture-kotlin-compiler-00,fixture-kotlin-compiler-01,fixture-kotlin-compiler-02,fixture-kotlin-compiler-03,fixture-kotlin-compiler-04,fixture-kotlin-compiler-05,fixture-kotlin-compiler-06,fixture-kotlin-compiler-07,fixture-kotlin-compiler-08,fixture-kotlin-compiler-09,fixture-kotlin-compiler-10,fixture-kotlin-compiler-11,fixture-kotlin-compiler-12,fixture-kotlin-compiler-13,fixture-kotlin-compiler-14,fixture-kotlin-compiler-15,fixture-tika-00,fixture-tika-01,fixture-tika-02,fixture-tika-03,fixture-tika-04,fixture-tika-05,fixture-tika-06,fixture-tika-07,fixture-tika-08,fixture-tika-09,fixture-tika-10,fixture-tika-11,fixture-tika-12,fixture-tika-13,fixture-tika-14,fixture-tika-15	0	64	0	0	0	99	0	0	0	1	0
global-wide-wrapped-case-insensitive-targeted	global-wide	global-wide-wrapped-case-insensitive	targeted	wrapped-lowercase-contains	single-query	properties	200			0	37be466842d1f239df76fe55e92f6769fc0b2d6e47e43f0020c40a8ce8422cb0	success	5	3192	6be81ce87c99d083628d76b0dce1e105c3d7fae110ebf15207143c3be7df8eeb	2273875		fixture-kotlin-compiler-08,fixture-kotlin-compiler-14	cross-graph-query	64	64	fixture-android-00,fixture-android-01,fixture-android-02,fixture-android-03,fixture-android-04,fixture-android-05,fixture-android-06,fixture-android-07,fixture-android-08,fixture-android-09,fixture-android-10,fixture-android-11,fixture-android-12,fixture-android-13,fixture-android-14,fixture-android-15,fixture-hive-00,fixture-hive-01,fixture-hive-02,fixture-hive-03,fixture-hive-04,fixture-hive-05,fixture-hive-06,fixture-hive-07,fixture-hive-08,fixture-hive-09,fixture-hive-10,fixture-hive-11,fixture-hive-12,fixture-hive-13,fixture-hive-14,fixture-hive-15,fixture-kotlin-compiler-00,fixture-kotlin-compiler-01,fixture-kotlin-compiler-02,fixture-kotlin-compiler-03,fixture-kotlin-compiler-04,fixture-kotlin-compiler-05,fixture-kotlin-compiler-06,fixture-kotlin-compiler-07,fixture-kotlin-compiler-08,fixture-kotlin-compiler-09,fixture-kotlin-compiler-10,fixture-kotlin-compiler-11,fixture-kotlin-compiler-12,fixture-kotlin-compiler-13,fixture-kotlin-compiler-14,fixture-kotlin-compiler-15,fixture-tika-00,fixture-tika-01,fixture-tika-02,fixture-tika-03,fixture-tika-04,fixture-tika-05,fixture-tika-06,fixture-tika-07,fixture-tika-08,fixture-tika-09,fixture-tika-10,fixture-tika-11,fixture-tika-12,fixture-tika-13,fixture-tika-14,fixture-tika-15	0	64	0	0	0	2777	0	0	0	1	0
global-wide-wrapped-case-insensitive-dense	global-wide	global-wide-wrapped-case-insensitive	dense	wrapped-lowercase-contains	single-query	properties	200			0	47c5f2f8275ab2447995a1b45a36cd5b0b70e258e0f75934abd1f0cef5c2b93e	success	200	84411	3bdee68309e62bee93f47848258ded90b1763d55841fa57d8b8fd21867653c44	1552000		fixture-android-00	cross-graph-query	64	1	fixture-android-00	0	1	0	0	0	665	0	0	0	1	0
global-wide-wrapped-case-insensitive-distinct-zero	global-wide	global-wide-wrapped-case-insensitive-distinct	zero	wrapped-lowercase-contains	single-query	distinct-properties	200			0	86015e396789c5c1cf86d1df3b0b97987a7b461bfcfb129491f3d758793d1d65	success	0	147	805c8c7334c868e18e2be84be95b83cc60895722d739c2b164a68be4cd410c49	3126875			cross-graph-query	64	64	fixture-android-00,fixture-android-01,fixture-android-02,fixture-android-03,fixture-android-04,fixture-android-05,fixture-android-06,fixture-android-07,fixture-android-08,fixture-android-09,fixture-android-10,fixture-android-11,fixture-android-12,fixture-android-13,fixture-android-14,fixture-android-15,fixture-hive-00,fixture-hive-01,fixture-hive-02,fixture-hive-03,fixture-hive-04,fixture-hive-05,fixture-hive-06,fixture-hive-07,fixture-hive-08,fixture-hive-09,fixture-hive-10,fixture-hive-11,fixture-hive-12,fixture-hive-13,fixture-hive-14,fixture-hive-15,fixture-kotlin-compiler-00,fixture-kotlin-compiler-01,fixture-kotlin-compiler-02,fixture-kotlin-compiler-03,fixture-kotlin-compiler-04,fixture-kotlin-compiler-05,fixture-kotlin-compiler-06,fixture-kotlin-compiler-07,fixture-kotlin-compiler-08,fixture-kotlin-compiler-09,fixture-kotlin-compiler-10,fixture-kotlin-compiler-11,fixture-kotlin-compiler-12,fixture-kotlin-compiler-13,fixture-kotlin-compiler-14,fixture-kotlin-compiler-15,fixture-tika-00,fixture-tika-01,fixture-tika-02,fixture-tika-03,fixture-tika-04,fixture-tika-05,fixture-tika-06,fixture-tika-07,fixture-tika-08,fixture-tika-09,fixture-tika-10,fixture-tika-11,fixture-tika-12,fixture-tika-13,fixture-tika-14,fixture-tika-15	0	64	0	0	0	99	0	0	0	1	0
global-wide-wrapped-case-insensitive-distinct-targeted	global-wide	global-wide-wrapped-case-insensitive-distinct	targeted	wrapped-lowercase-contains	single-query	distinct-properties	200			0	86015e396789c5c1cf86d1df3b0b97987a7b461bfcfb129491f3d758793d1d65	success	12	7358	3358c833e7c8859180e728fd0fbf286febcb246f2ecb508f1202b5ef6e3b8b9f	63760417		fixture-kotlin-compiler-11,fixture-kotlin-compiler-15	cross-graph-query	64	64	fixture-android-00,fixture-android-01,fixture-android-02,fixture-android-03,fixture-android-04,fixture-android-05,fixture-android-06,fixture-android-07,fixture-android-08,fixture-android-09,fixture-android-10,fixture-android-11,fixture-android-12,fixture-android-13,fixture-android-14,fixture-android-15,fixture-hive-00,fixture-hive-01,fixture-hive-02,fixture-hive-03,fixture-hive-04,fixture-hive-05,fixture-hive-06,fixture-hive-07,fixture-hive-08,fixture-hive-09,fixture-hive-10,fixture-hive-11,fixture-hive-12,fixture-hive-13,fixture-hive-14,fixture-hive-15,fixture-kotlin-compiler-00,fixture-kotlin-compiler-01,fixture-kotlin-compiler-02,fixture-kotlin-compiler-03,fixture-kotlin-compiler-04,fixture-kotlin-compiler-05,fixture-kotlin-compiler-06,fixture-kotlin-compiler-07,fixture-kotlin-compiler-08,fixture-kotlin-compiler-09,fixture-kotlin-compiler-10,fixture-kotlin-compiler-11,fixture-kotlin-compiler-12,fixture-kotlin-compiler-13,fixture-kotlin-compiler-14,fixture-kotlin-compiler-15,fixture-tika-00,fixture-tika-01,fixture-tika-02,fixture-tika-03,fixture-tika-04,fixture-tika-05,fixture-tika-06,fixture-tika-07,fixture-tika-08,fixture-tika-09,fixture-tika-10,fixture-tika-11,fixture-tika-12,fixture-tika-13,fixture-tika-14,fixture-tika-15	0	64	2	0	3	106706	0	0	0	1	0
global-wide-wrapped-case-insensitive-distinct-dense	global-wide	global-wide-wrapped-case-insensitive-distinct	dense	wrapped-lowercase-contains	single-query	distinct-properties	200			0	47c5f2f8275ab2447995a1b45a36cd5b0b70e258e0f75934abd1f0cef5c2b93e	success	200	85721	1e662cf0935ee94c21b8eb0c4f6e3b4257d74ab515ccb1e7e31419b17919a9e7	118032459		fixture-android-00,fixture-tika-00	cross-graph-query	64	64	fixture-android-00,fixture-android-01,fixture-android-02,fixture-android-03,fixture-android-04,fixture-android-05,fixture-android-06,fixture-android-07,fixture-android-08,fixture-android-09,fixture-android-10,fixture-android-11,fixture-android-12,fixture-android-13,fixture-android-14,fixture-android-15,fixture-hive-00,fixture-hive-01,fixture-hive-02,fixture-hive-03,fixture-hive-04,fixture-hive-05,fixture-hive-06,fixture-hive-07,fixture-hive-08,fixture-hive-09,fixture-hive-10,fixture-hive-11,fixture-hive-12,fixture-hive-13,fixture-hive-14,fixture-hive-15,fixture-kotlin-compiler-00,fixture-kotlin-compiler-01,fixture-kotlin-compiler-02,fixture-kotlin-compiler-03,fixture-kotlin-compiler-04,fixture-kotlin-compiler-05,fixture-kotlin-compiler-06,fixture-kotlin-compiler-07,fixture-kotlin-compiler-08,fixture-kotlin-compiler-09,fixture-kotlin-compiler-10,fixture-kotlin-compiler-11,fixture-kotlin-compiler-12,fixture-kotlin-compiler-13,fixture-kotlin-compiler-14,fixture-kotlin-compiler-15,fixture-tika-00,fixture-tika-01,fixture-tika-02,fixture-tika-03,fixture-tika-04,fixture-tika-05,fixture-tika-06,fixture-tika-07,fixture-tika-08,fixture-tika-09,fixture-tika-10,fixture-tika-11,fixture-tika-12,fixture-tika-13,fixture-tika-14,fixture-tika-15	0	64	2	0	3	283544	0	0	0	1	0
global-wide-distribution-broad-all-64	global-wide	global-wide-distribution-broad-all-64	dense	wrapped-lowercase-contains	fixture-distribution	properties	200			0	47c5f2f8275ab2447995a1b45a36cd5b0b70e258e0f75934abd1f0cef5c2b93e	success	200	84411	3bdee68309e62bee93f47848258ded90b1763d55841fa57d8b8fd21867653c44	850916	broad-all-64	fixture-android-00	cross-graph-query	64	1	fixture-android-00	0	1	0	0	0	200	0	0	0	1	0
global-wide-distribution-localized-early	global-wide	global-wide-distribution-localized-early	dense	wrapped-lowercase-contains	fixture-distribution	properties	200			0	47c5f2f8275ab2447995a1b45a36cd5b0b70e258e0f75934abd1f0cef5c2b93e	success	200	87514	061ea2dc2c6b48e0062033a68c9330f5e3ae05832411ea3c936eda2bf17b38ee	1299500	localized-early	fixture-android-00	cross-graph-query	64	1	fixture-android-00	0	1	0	0	0	1053	0	0	0	1	0
global-wide-distribution-localized-late	global-wide	global-wide-distribution-localized-late	dense	wrapped-lowercase-contains	fixture-distribution	properties	200			0	86015e396789c5c1cf86d1df3b0b97987a7b461bfcfb129491f3d758793d1d65	success	200	113169	a4f80afc105bb0a4b11b2222f95fb82babb9dcc4eb366b125a552fd58091dac9	4300333	localized-late	fixture-kotlin-compiler-15	cross-graph-query	64	64	fixture-android-00,fixture-android-01,fixture-android-02,fixture-android-03,fixture-android-04,fixture-android-05,fixture-android-06,fixture-android-07,fixture-android-08,fixture-android-09,fixture-android-10,fixture-android-11,fixture-android-12,fixture-android-13,fixture-android-14,fixture-android-15,fixture-hive-00,fixture-hive-01,fixture-hive-02,fixture-hive-03,fixture-hive-04,fixture-hive-05,fixture-hive-06,fixture-hive-07,fixture-hive-08,fixture-hive-09,fixture-hive-10,fixture-hive-11,fixture-hive-12,fixture-hive-13,fixture-hive-14,fixture-hive-15,fixture-kotlin-compiler-00,fixture-kotlin-compiler-01,fixture-kotlin-compiler-02,fixture-kotlin-compiler-03,fixture-kotlin-compiler-04,fixture-kotlin-compiler-05,fixture-kotlin-compiler-06,fixture-kotlin-compiler-07,fixture-kotlin-compiler-08,fixture-kotlin-compiler-09,fixture-kotlin-compiler-10,fixture-kotlin-compiler-11,fixture-kotlin-compiler-12,fixture-kotlin-compiler-13,fixture-kotlin-compiler-14,fixture-kotlin-compiler-15,fixture-tika-00,fixture-tika-01,fixture-tika-02,fixture-tika-03,fixture-tika-04,fixture-tika-05,fixture-tika-06,fixture-tika-07,fixture-tika-08,fixture-tika-09,fixture-tika-10,fixture-tika-11,fixture-tika-12,fixture-tika-13,fixture-tika-14,fixture-tika-15	0	64	0	0	0	2846	0	0	0	1	0
global-wide-distribution-localized-middle	global-wide	global-wide-distribution-localized-middle	dense	wrapped-lowercase-contains	fixture-distribution	properties	200			0	80331285783d790177bcaeeebf677e98900445b2273d41781c6e07aa5683a500	success	200	98559	c0cb93ca1d3016402e2a72f544861fd280085797fa3a16f1cbefb769ecfda4b3	2895500	localized-middle	fixture-tika-15	cross-graph-query	64	33	fixture-android-00,fixture-android-01,fixture-android-02,fixture-android-03,fixture-android-04,fixture-android-05,fixture-android-06,fixture-android-07,fixture-android-08,fixture-android-09,fixture-android-10,fixture-android-11,fixture-android-12,fixture-android-13,fixture-android-14,fixture-android-15,fixture-hive-00,fixture-tika-00,fixture-tika-01,fixture-tika-02,fixture-tika-03,fixture-tika-04,fixture-tika-05,fixture-tika-06,fixture-tika-07,fixture-tika-08,fixture-tika-09,fixture-tika-10,fixture-tika-11,fixture-tika-12,fixture-tika-13,fixture-tika-14,fixture-tika-15	0	33	0	0	0	4432	0	0	0	1	0
