graphId	corpus	shard	sourceJar	sourceJarSha256	shardBytecodeSha256	classCount	nodeCount	callSiteCount	zeroTerm	targetedTerm	denseTerm	querySemanticSha256	resourceCount	resourceSemanticSha256	workloadIdentity	callSiteIndexBytes	callSiteIndexSha256	graphPath
fixture-android-00	android	0	android-all-14-robolectric-10818077.jar	6be2218c6a53fe3c57bc22ebdc723edcb7270a8a6f187545708aa5c0ed813977	20e05f24da18b03a7b27dd827fc420c157fce395090013f990661f37a5e1a26c	2957	360214	100606	__graphite_fixture64_absent_fixture-android-00__	android.media.internal.guava_common.util.concurrent.TrustedListenableFutureTask$TrustedFutureInterruptibleAsyncTask	get	b3ddd5af52e87b620b1a2aa274e6eb6aa9f56d91de8d9ced0324ea8c758548e7	107	22c42d36d440794a67aea581c8c66e4a89e04425f6f9843e69c43d2557927f72	47c5f2f8275ab2447995a1b45a36cd5b0b70e258e0f75934abd1f0cef5c2b93e	7054100	eb123708408e4a5062a15ea649512be3c7dc09c7acfa88af8c07329fb272f608	/home/runner/work/graphite/graphite/shared-fixture64/graphs/fixture-android-00
fixture-android-01	android	1	android-all-14-robolectric-10818077.jar	6be2218c6a53fe3c57bc22ebdc723edcb7270a8a6f187545708aa5c0ed813977	2fe10d458f21f4d6b4b064f3710cdf304c0fd376c1321ac52f8933b0f4be79be	3036	378711	110875	__graphite_fixture64_absent_fixture-android-01__	com.android.internal.org.bouncycastle.jcajce.provider.symmetric.PBES2AlgorithmParameters$PBEWithHmacSHA256AES128AlgorithmParameters	get	6f2b7f2fe7dce336bda0f03ce222a63981a750a93d6d9410a8b42a076f7ffb02	107	a91c78223507772a48608273f20b3c34fcc336cd4ca8684985b79e557a57adcd	e4528616b87301f557512ab9d9e4e598561300f98d2e85100725c35158534ecc	7318228	9a519e0d5365c90a5d0ca487c8f108f902926698dbe6c0c54e98931cb74484dd	/home/runner/work/graphite/graphite/shared-fixture64/graphs/fixture-android-01
fixture-android-02	android	2	android-all-14-robolectric-10818077.jar	6be2218c6a53fe3c57bc22ebdc723edcb7270a8a6f187545708aa5c0ed813977	c4354ee7133134b0d77eb3c387aa60f84b25f9fab31d855465038b4bfdeacd37	2966	366093	102233	__graphite_fixture64_absent_fixture-android-02__	com.android.server.permission.jarjar.kotlin.coroutines.intrinsics.IntrinsicsKt__IntrinsicsJvmKt$createCoroutineUnintercepted$$inlined$createCoroutineFromSuspendFunction$IntrinsicsKt__IntrinsicsJvmKt$2	get	bfc181b4d7c448c275e5d85bf4c0705b079bfd3ccf3caef06586427ced10d5d1	107	f9fc60202f3fb46e2ed190901d5c7e99f39ccac1d93cb08c394d29c4c808f7ce	1a026780ab945a978bf2d821f0728dd8a679a4b4838c8a3b7703d006d3fae584	7373324	8f2bf39a8aa8561dfff8e3229fdf1d2de9e815f1a112026c44933fc51d6d3979	/home/runner/work/graphite/graphite/shared-fixture64/graphs/fixture-android-02
fixture-android-03	android	3	android-all-14-robolectric-10818077.jar	6be2218c6a53fe3c57bc22ebdc723edcb7270a8a6f187545708aa5c0ed813977	5e5c6bb239331f36c43fabf8640bea3ef76443f2ff0197aeeffa5c612299ed9e	2979	381305	108305	__graphite_fixture64_absent_fixture-android-03__	android.media.internal.guava_common.util.concurrent.MoreExecutors$ScheduledListeningDecorator$NeverSuccessfulListenableFutureTask	get	1614dd1c2b57a88e158afa274d7801f819a95cd544c2280ddb85279382b480bc	107	ca518fae2f5daf032040963ffc4e513d452d9abeacf84855ea4ab1745486c698	3a085dec137def84e2f0fd6c417ca6216ad5c22c415250ab8d225957a37eb876	7632604	97c7e95567243461f267c141e47da73b34a82fa7be5d87f1fb9a99758e4d32cb	/home/runner/work/graphite/graphite/shared-fixture64/graphs/fixture-android-03
fixture-android-04	android	4	android-all-14-robolectric-10818077.jar	6be2218c6a53fe3c57bc22ebdc723edcb7270a8a6f187545708aa5c0ed813977	3ec9108a5c656969b4e04e68b9054a7df132b9c8c23e14190daa8106a5238829	2943	363932	102157	__graphite_fixture64_absent_fixture-android-04__	com.android.server.permission.jarjar.kotlin.coroutines.intrinsics.IntrinsicsKt__IntrinsicsJvmKt$createCoroutineUnintercepted$$inlined$createCoroutineFromSuspendFunction$IntrinsicsKt__IntrinsicsJvmKt$1	get	d6a9e9bc799c6ab56d1df2e431e8a229d490ca602e4c9ca25ecda1d42a3bae35	107	4f15661893f23bbced070aef73ebca382e69db793e9f4f85a3241a4ad0b06952	72b2db3813782b7057457474cb692d1ab65cbced9ccd76e7a6348806a1a0fdd6	6984596	0142e0fe7f55f47e1b85199a23a7e2d849710c6eeca23184110748c2d0016bef	/home/runner/work/graphite/graphite/shared-fixture64/graphs/fixture-android-04
fixture-android-05	android	5	android-all-14-robolectric-10818077.jar	6be2218c6a53fe3c57bc22ebdc723edcb7270a8a6f187545708aa5c0ed813977	cbb171dbb8b6adbaeba7fb72e304731541b87357a81e0599b655dce9e79c1975	2992	357260	98095	__graphite_fixture64_absent_fixture-android-05__	com.android.server.permission.jarjar.kotlin.coroutines.intrinsics.IntrinsicsKt__IntrinsicsJvmKt$createCoroutineUnintercepted$$inlined$createCoroutineFromSuspendFunction$IntrinsicsKt__IntrinsicsJvmKt$4	get	8acfba86744a01c00595ddc31727c89ef7e26ef2cf07c66208e91d8476cac0c7	107	19957d1a78b3ff099c49e6b1c4412e2d82cb1c7ef1ef1e67478af4878b89f3f1	9ccc65db4edf2ad696714957f6291e11ba1a158b062c135b909367736aa1cb91	6988300	e015bb1ca6fccea7ba63dcb1095a265566ab0423d250ac350fa9f768f4bf0d83	/home/runner/work/graphite/graphite/shared-fixture64/graphs/fixture-android-05
fixture-android-06	android	6	android-all-14-robolectric-10818077.jar	6be2218c6a53fe3c57bc22ebdc723edcb7270a8a6f187545708aa5c0ed813977	e027b2b03e78c611e448d3675d9a495052ff5987a884f40b21647ad35c4852ef	3074	395517	114190	__graphite_fixture64_absent_fixture-android-06__	com.android.server.companion.datatransfer.contextsync.CallMetadataSyncConnectionService$CallMetadataSyncConnectionIdentifier	get	8bf5a1e5b06eabde79475b7237fb7130d478532910a60a7edaa4baee5020ea2b	107	3dd3adb510e9887b494eab734b0b3859a3a7c6ecb025f0046b456989586df5c4	aef2397f89755e0b59e944f9b6062fb5611eea3ea4b05762643e082168bd9526	7894004	2bca94ab70ffbf853b25fdd24e779d7eeb7873d97ef5005d294805082557821f	/home/runner/work/graphite/graphite/shared-fixture64/graphs/fixture-android-06
fixture-android-07	android	7	android-all-14-robolectric-10818077.jar	6be2218c6a53fe3c57bc22ebdc723edcb7270a8a6f187545708aa5c0ed813977	ce3620dde2a3a54bed06421d7135c59231e1bc4130ec321a6bfe23d77980c3dd	3100	383772	108587	__graphite_fixture64_absent_fixture-android-07__	com.android.server.wallpapereffectsgeneration.RemoteWallpaperEffectsGenerationService$RemoteWallpaperEffectsGenerationServiceCallback	get	3c9291f3fca3e6a8b493a2737379721d8ade8d2e0d9db32fe1ab38256ced8edb	107	cef2ccab54e2fb10b779081e88e8fd9ac939611c383583cb95f70d0732bd6d4b	2884fe5070e6e70bd2c44e54af37c56e2cfd19343a8721d5b36093d7d1db0f7d	7498956	e88074dd59d78130e8dddd8ca2010f48d3237025df2091f7775acf8083ba24d8	/home/runner/work/graphite/graphite/shared-fixture64/graphs/fixture-android-07
fixture-android-08	android	8	android-all-14-robolectric-10818077.jar	6be2218c6a53fe3c57bc22ebdc723edcb7270a8a6f187545708aa5c0ed813977	c7f73ebd12ea493c980ccc35d662f3762d1a65ca168cf19d6859ad9354869bfe	3040	387483	111032	__graphite_fixture64_absent_fixture-android-08__	com.android.server.companion.datatransfer.contextsync.CallMetadataSyncConnectionService$CallMetadataSyncConnectionIdentifier	get	d9f263473d67048b0b5480568be3f53f414d987d3e5736bcd9423188a6308dc0	107	96e23d62a4e10e4d41ebba60c89f258149c9eb80c78d6ee7cc6f1c4f04b8c138	25fcd87fe0d089932a1b7f325e822252e3042b73178c7aa80e1c0d12bcef2e47	7757220	e1a7cfeaaa20bf85c448e64fc13dfa0263f7d83f206b7d63166b34512edb245e	/home/runner/work/graphite/graphite/shared-fixture64/graphs/fixture-android-08
fixture-android-09	android	9	android-all-14-robolectric-10818077.jar	6be2218c6a53fe3c57bc22ebdc723edcb7270a8a6f187545708aa5c0ed813977	1791fcfb046437eb203613df616d2f839cef3f7c9909d9b4c62e64415b4849a7	2997	389674	110050	__graphite_fixture64_absent_fixture-android-09__	com.android.internal.org.bouncycastle.jcajce.provider.symmetric.PBES2AlgorithmParameters$PBEWithHmacSHA512AES128AlgorithmParameters	get	bc0d47fa7adbeab61d024396b89e7ea1548e3459db652b00407bfd698b59d223	107	031e981df8c647b85d6b10e199ee16b183ea76cfa9db538ad2a571aa0c9dd81e	976770abc561e74e52c74c7f3b827fe70800ef502defdde9a4fa534aa511bd33	7570260	efbbb744220125b8a789a72ff57d72b9b8095ff5802f218dd090e9c4a07a9734	/home/runner/work/graphite/graphite/shared-fixture64/graphs/fixture-android-09
fixture-android-10	android	10	android-all-14-robolectric-10818077.jar	6be2218c6a53fe3c57bc22ebdc723edcb7270a8a6f187545708aa5c0ed813977	b81f81aa2ecc312c53a45dfb7ac3f24de73a02f9dadcde3e009097b34beb56b7	2954	379829	103391	__graphite_fixture64_absent_fixture-android-10__	com.android.server.permission.jarjar.kotlin.coroutines.intrinsics.IntrinsicsKt__IntrinsicsJvmKt$createCoroutineUnintercepted$$inlined$createCoroutineFromSuspendFunction$IntrinsicsKt__IntrinsicsJvmKt$1	get	50c3e8e2dca6d5665f92c1545a9e109d01c1e332162288e8c7fdf5f312f4b65c	107	ca2b8b361356fa338867b89c9adffbd5a36fadc0fed17ae38342a474437d8525	b80280988a4b3197bdd2348d3550b46e5d99e01f6e4a1abcb8668612b4a7bcf1	7281292	ac689f9b467bb09139736af05a6c8bf3aa9d9c60f9652737a1c23a60aee7218c	/home/runner/work/graphite/graphite/shared-fixture64/graphs/fixture-android-10
fixture-android-11	android	11	android-all-14-robolectric-10818077.jar	6be2218c6a53fe3c57bc22ebdc723edcb7270a8a6f187545708aa5c0ed813977	45caf45cc7805855e8384dc728342800ec17232ce4eb8df1019e3cc8114aabf4	2976	346906	94712	__graphite_fixture64_absent_fixture-android-11__	com.android.internal.org.bouncycastle.jcajce.provider.symmetric.PBES2AlgorithmParameters$PBEWithHmacSHA224AES128AlgorithmParameters	get	68f498ac23ded8745b237a1909e58f99289f540b978e36337eeebfd917e65ee5	106	d0442a44a848ba636ac845c01fbf597dd7deb08f7b9c127ec46f10b045dfa8bc	ff7c9f064acf1b8f0c7104242efebdb73dfcc6db0739150c3d56bcc4ebbfb47f	6981628	4c3a8ea16cffa3e162bbf5022ddf5a260fa914d6e630fcdeb732d3f956d94f16	/home/runner/work/graphite/graphite/shared-fixture64/graphs/fixture-android-11
fixture-android-12	android	12	android-all-14-robolectric-10818077.jar	6be2218c6a53fe3c57bc22ebdc723edcb7270a8a6f187545708aa5c0ed813977	e8906023d67fb56ed0414d49d0e65c1d5350f920ab53e3c130de0905c68233bd	3090	434497	121945	__graphite_fixture64_absent_fixture-android-12__	com.android.server.wm.AccessibilityController$AccessibilityControllerInternalImpl$UiChangesForAccessibilityCallbacksDispatcher	get	ede5c793a046a1f74415510460317482b6160e9ef45e73c2fe982974579f1bfe	106	c4f8ac465ea9adc1e0c48891a051fccfa77713f74d92aa016bdab985b6f5fed5	fbfd92bdb617f8eef3c84ce77e1116d4f0d1116a40b9fc543770c1a430e829ec	7888532	47dfb850628c2392c03ca3d7f81571fb8a8640b61cc87e806b642f6741bc8a3d	/home/runner/work/graphite/graphite/shared-fixture64/graphs/fixture-android-12
fixture-android-13	android	13	android-all-14-robolectric-10818077.jar	6be2218c6a53fe3c57bc22ebdc723edcb7270a8a6f187545708aa5c0ed813977	49c9603f4005a1c3a763975d16ab3f1650fa2c04830359a45ae021118ed3e837	2954	400857	117348	__graphite_fixture64_absent_fixture-android-13__	com.android.server.permission.access.permission.PermissionService$OnPermissionsChangeListeners$handleOnPermissionsChanged$1	get	b70528b02ebbb54c47e761362a3f0bf6be1fed27d2e1a391292f195c0a68e1b5	106	7253400c8588f8f60baecc7bb9ddbfac064eaa815fe7d5f1030ac57e07eccbb6	99b23d6e37ddba640f96acd0d7b903185c9b38cc0e6df93374f9fe569bbc4c38	7632396	0022839851e6e11b537c46306ea8c46d6e62a3d1392dc069b8e82f3e7d5d2ea8	/home/runner/work/graphite/graphite/shared-fixture64/graphs/fixture-android-13
fixture-android-14	android	14	android-all-14-robolectric-10818077.jar	6be2218c6a53fe3c57bc22ebdc723edcb7270a8a6f187545708aa5c0ed813977	a8727b6aefe7cd3f89afd05fca5a8661632e077153373b56b2dd3f23df94263d	3116	384438	108560	__graphite_fixture64_absent_fixture-android-14__	com.android.server.companion.datatransfer.contextsync.CallMetadataSyncConnectionService$CallMetadataSyncConnectionCallback	get	a3e045e5a11984d00e00ddf35e84d1c63afddfdcb0ba3385415003868bfc4ee7	106	c31b37f7926b51f2d849a4e3849aee19f248df8a9aa146ef167153ecbca0535d	caf42d54ef3437f216c963929327ed5ef3f52ce080fa2be4c3305c2370617ab1	7243460	756037737b8c90b3668e4988c61f400205f532b70f3ab537246f0fbd9b969405	/home/runner/work/graphite/graphite/shared-fixture64/graphs/fixture-android-14
fixture-android-15	android	15	android-all-14-robolectric-10818077.jar	6be2218c6a53fe3c57bc22ebdc723edcb7270a8a6f187545708aa5c0ed813977	473dd8560387e8668e412e4c382b7170819df2e72e2df71ed2fc4aa1c593f6d0	3052	330738	94748	__graphite_fixture64_absent_fixture-android-15__	com.android.server.locksettings.recoverablekeystore.storage.RemoteLockscreenValidationSessionStorage$LockscreenValidationCleanupTask	get	65ed9778c2cba49e395617714d7ab81a52c85085988db491d838b5cc423fc0cf	106	b7e26c06e9b2197156958caa5ed1144c7ae105e60b44eff58d010d23a8c94f2b	396286291622042417a1e42f88e1a07f9e973d88a4b45b59c7408d3e8fe8e4cd	6812300	4f127ece849d3a652f20e4ff2cc039305e57cd50f00c68f2e8d9d62fbc9e882d	/home/runner/work/graphite/graphite/shared-fixture64/graphs/fixture-android-15
fixture-tika-00	tika	0	tika-app-2.9.2.jar	87e06f88c801fcb2beae5f15e707241edb14da468a154ad78be4e31ff982c3da	2060494482c792eed0bf663dccc268354c54e4b75af555451ba654523a2df42a	2027	222589	55707	__graphite_fixture64_absent_fixture-tika-00__	net.bytebuddy.dynamic.scaffold.TypeWriter$Default$ForInlining$WithFullProcessing$InitializationHandler$Appending$WithoutDrain$WithoutActiveRecord	get	bebed47baaf89eb34f97231e7b78a108c2e6b1e5760bb5b9efe1dc425c763dc5	32	fad31b2b6c170c82594d4b3bce318319b9f1954ecb704d2fe8d77bcf254b4c86	3ffa856892be3e0263f2c72254cefdb4bafce48e10eea2a8426b6af88f144658	4187980	77eb8dee739cb2f32932a3a7ff424ca4035fa15e770e547ca260c5feb68395d6	/home/runner/work/graphite/graphite/shared-fixture64/graphs/fixture-tika-00
fixture-tika-01	tika	1	tika-app-2.9.2.jar	87e06f88c801fcb2beae5f15e707241edb14da468a154ad78be4e31ff982c3da	220818cbc20c6b323b36d0d432cb3721d110fcba7d620d04288f9c8d57506d0a	2060	262470	67073	__graphite_fixture64_absent_fixture-tika-01__	net.bytebuddy.agent.builder.AgentBuilder$LambdaInstrumentationStrategy$LambdaInstanceFactory$LambdaMethodImplementation$Appender$Dispatcher$UsingDirectInvocation	get	56c8638971ac3d27438399fdd6d0988d9aa3185dd8bcac133485f3ce5f254a2b	32	581b8e5f98b5cb3cec24d66a33fb7b6eb828bc3e9092d1401d38d2bcb0c8b03c	5bd11253ba6bcbac28c2d0805dbd50585f63593fbbabbc299bce9c8b5e4238f0	4572404	11d4a8c106d2f3b5382b92af87062283c24d76d75a275ed432aee39d02d563eb	/home/runner/work/graphite/graphite/shared-fixture64/graphs/fixture-tika-01
fixture-tika-02	tika	2	tika-app-2.9.2.jar	87e06f88c801fcb2beae5f15e707241edb14da468a154ad78be4e31ff982c3da	d933475295d673cc9dcf660b085ec0adf58589bf51985d25d80c6a1fd99d8ef2	2050	253443	60764	__graphite_fixture64_absent_fixture-tika-02__	net.bytebuddy.agent.builder.AgentBuilder$LambdaInstrumentationStrategy$LambdaInstanceFactory$LambdaMethodImplementation$Appender$Dispatcher$UsingMethodHandle	get	ff723b9c483ac32da346c646eba9f5256b9dab76c3a892a83d2a22b02bc650b6	32	5ed0354c1ecd7c03f71b891e4f7c7503391697d8a06917604b3f2e5e7264e091	4f53553340fcd09378fe28c9d287d1bd3c78d0e5004534ad87493f082178a0db	4357156	88834deb714c52034c76e9f59c95dc642b9b6b46eb0af7495e4ae1f6b3dfe302	/home/runner/work/graphite/graphite/shared-fixture64/graphs/fixture-tika-02
fixture-tika-03	tika	3	tika-app-2.9.2.jar	87e06f88c801fcb2beae5f15e707241edb14da468a154ad78be4e31ff982c3da	9daa1da71c4669a955a690e6ad1506e6b4ace9eba556a9c89d9ff8c27d53928d	1990	219700	54516	__graphite_fixture64_absent_fixture-tika-03__	net.bytebuddy.dynamic.scaffold.TypeWriter$Default$ForInlining$WithFullProcessing$InitializationHandler$Appending$WithDrain$WithActiveRecord	get	0450405081897001ceb3fc7fb4bfe31d6998907407b6612b1a21f45bda916a88	32	462f026385d9cd86d4ecd1c29467ada756ad302e1a5f14a2d5216a416f0cc32e	e68986e5919884640710cc61d8f44310a6d888f55992390edbcc7ae70b8b8fa8	4160404	3d21a09c99192cc78b1a0a84695d23e14ce317bc4cc4fe699da800dc98bb0ff3	/home/runner/work/graphite/graphite/shared-fixture64/graphs/fixture-tika-03
fixture-tika-04	tika	4	tika-app-2.9.2.jar	87e06f88c801fcb2beae5f15e707241edb14da468a154ad78be4e31ff982c3da	a1a4bd58a892284ded9d747353c530e4e47ffe0f4c208e7b91fc9d2257d45edf	2096	250102	65357	__graphite_fixture64_absent_fixture-tika-04__	net.bytebuddy.dynamic.loading.ByteArrayClassLoader$PersistenceHandler$UrlDefinitionAction$ByteArrayUrlStreamHandler$ByteArrayUrlConnection	get	8314b13139b0a3bd56bfe3eac417ec5fdb901a9cf69ff453faba24077577d645	32	379003457b8ebeca01fafc3129767b61df17ecc72489640b6d2edda6d5a528ae	2d9d29e96c28d6df21e1933cc2da3a076217ec4c30461070c5e997e04aa952cb	4599764	8229d44c8824b14de96829fa9eabb8cf8be872b97a5a4bd21ae8dd7820681c5a	/home/runner/work/graphite/graphite/shared-fixture64/graphs/fixture-tika-04
fixture-tika-05	tika	5	tika-app-2.9.2.jar	87e06f88c801fcb2beae5f15e707241edb14da468a154ad78be4e31ff982c3da	e33ccc9fb2afd9a91725b15a728eb768a1c3aae19f37f58bc3a8706b4463fd09	2010	237378	59823	__graphite_fixture64_absent_fixture-tika-05__	net.bytebuddy.dynamic.scaffold.TypeWriter$Default$ForInlining$WithFullProcessing$InitializationHandler$Appending$WithDrain$WithoutActiveRecord	get	8ca17a545fde007015113c39cd3ddf0ab9373da59a13f6ed58d9b08f1adb29a7	32	b15f48228dc3be6ef2b5f0c1726a7b0458ac0c7b1f18c589d294685aa681f1cf	a70ca503c8d7edc9fd5b26430e9c4bd9517cfcf9084469733cfeff8a4fef63f8	4375556	b77425b92e96ed3f52d905747ff696cd17cafb4677ae2a1f023362afa3eb9a46	/home/runner/work/graphite/graphite/shared-fixture64/graphs/fixture-tika-05
fixture-tika-06	tika	6	tika-app-2.9.2.jar	87e06f88c801fcb2beae5f15e707241edb14da468a154ad78be4e31ff982c3da	cc0c7d1025578760750858de8dfc827853ceb8fa278729742e42ef45624b0cdb	2032	243243	58836	__graphite_fixture64_absent_fixture-tika-06__	net.bytebuddy.dynamic.scaffold.TypeWriter$Default$ForInlining$WithFullProcessing$InitializationHandler$Appending$WithoutDrain$WithActiveRecord	get	8504690d5429789f500b712b792c42d25fbbf02e77b03ca17ce9f6d6b8cfb563	32	fe1c7db6fdcf35a39e8ef553e414536e9cca8c8f950c52a76a1f9e3a3c1b8903	629a75c155a37bcac72d6d131b20156694ded2e8aa1abe1c7f03ac03374020b7	4367028	02c1b38af37945307a544359abbd7be683d6bd265e9040ad38c2ed996f836c4a	/home/runner/work/graphite/graphite/shared-fixture64/graphs/fixture-tika-06
fixture-tika-07	tika	7	tika-app-2.9.2.jar	87e06f88c801fcb2beae5f15e707241edb14da468a154ad78be4e31ff982c3da	5e6f1383e1c6bf4a1450997c5bcc455c0ef42b51e99bee2f77c4e7aa2dc07aa5	2105	242588	57832	__graphite_fixture64_absent_fixture-tika-07__	net.bytebuddy.agent.builder.AgentBuilder$DescriptionStrategy$SuperTypeLoading$Asynchronous$ThreadSwitchingClassLoadingDelegate$SimpleClassLoadingAction	get	01bbf248dfadc97856f0b8667e08a94c7c87d2d06964084d6b59fb8de40c0887	32	6c1ec1c646305148f73bd7c8cad4e1d0574219cb1b4b02c2905a850c6868abe2	1f60bc193af0a0c32ae2bc0a840b7da98c896a5343d2d4a4871500ea55b0d8a0	4228900	c801631725fd40ff2628ef0d0c2519e2fb34cbd08ed4cc31c44f4523418726ba	/home/runner/work/graphite/graphite/shared-fixture64/graphs/fixture-tika-07
fixture-tika-08	tika	8	tika-app-2.9.2.jar	87e06f88c801fcb2beae5f15e707241edb14da468a154ad78be4e31ff982c3da	b76ac4695c5bff287de1763ee934483e49d17c8849343f457078a3dcbe8bfded	2079	245189	63677	__graphite_fixture64_absent_fixture-tika-08__	net.bytebuddy.dynamic.scaffold.TypeWriter$Default$ForInlining$WithFullProcessing$RedefinitionClassVisitor$AttributeObtainingRecordComponentVisitor	get	fc090ac5c5271a22d769fc283c45609e614f36a29252ecf15f17aca5c6aa42ed	31	c31aa2118471479f38c5961c2fc23db0e0e3724f067f60f5fab34685252e262a	e9768e2189edf3079c0f4ce1fe9374fe3873b9ef6253d25bd7952c9e3f9e2f89	4704356	4bbe7a5cc8fdfa702227897b10677c778b6e89f5f254568a3ba501e24dd27381	/home/runner/work/graphite/graphite/shared-fixture64/graphs/fixture-tika-08
fixture-tika-09	tika	9	tika-app-2.9.2.jar	87e06f88c801fcb2beae5f15e707241edb14da468a154ad78be4e31ff982c3da	37f83075a46be6b1eb0d81786493c3846e55ee7822a592bafc6a9d7bd7bc4803	2151	258928	66311	__graphite_fixture64_absent_fixture-tika-09__	net.bytebuddy.description.type.TypeDescription$Generic$Visitor$Assigner$Dispatcher$ForParameterizedType$ParameterAssigner$CovariantBinding	get	f3dae6b73c78a2e9866c79213c98d74def4abadabf4e54aaaa1adab29d45d27a	31	641c8b6a178031d2008b97ca45485e66574d0b14c847f28d87bb6d103810c8f3	f96e2b0b7f375cf347f289b0d59b047835095d1452b52dcff16ad07fa5ff5aaa	4644372	1a48346e824fc9939e86465fe4721eb88d7b82b93eee6820bc2fc44838260adc	/home/runner/work/graphite/graphite/shared-fixture64/graphs/fixture-tika-09
fixture-tika-10	tika	10	tika-app-2.9.2.jar	87e06f88c801fcb2beae5f15e707241edb14da468a154ad78be4e31ff982c3da	a289e82a1d1f97ab2fc550266c078fc8f141fb87359b77de060d31040b36de4c	2161	271650	68948	__graphite_fixture64_absent_fixture-tika-10__	net.bytebuddy.agent.builder.AgentBuilder$LambdaInstrumentationStrategy$LambdaInstanceFactory$LambdaMethodImplementation$Appender$Dispatcher$UsingMethodHandle	get	d3c52258d0a1b95492d060189162f18d08110aa6a0c96cde607ee80c62cfb57f	31	5436b7943d4b7bb84938efb9770ca8618eb7c20c3c5a1d46156f6cde1bc19fb0	724e820888f0db8884af940cbe8a364f2dce6bfc9b2c72fb09abe933fa439c0c	4942876	753b09d6e8f429f40ce8526d294930df5e67c6c039bf2cf3f5d575eaaaf155ca	/home/runner/work/graphite/graphite/shared-fixture64/graphs/fixture-tika-10
fixture-tika-11	tika	11	tika-app-2.9.2.jar	87e06f88c801fcb2beae5f15e707241edb14da468a154ad78be4e31ff982c3da	99b4eaebc4db7ab24cba7ef6bcef17bd6b7e788903333dcb436df65c154f99c5	2113	246572	62554	__graphite_fixture64_absent_fixture-tika-11__	net.bytebuddy.pool.TypePool$Default$LazyTypeDescription$LazyMethodDescription$LazyParameterizedReceiverType$TypeArgumentList$AnnotatedTypeVariable	get	4113fc63c687d73f2a68ab7d2cd144c3d84b0cdda2a598c96577a690d5e2c0f9	31	cfafe4c5a53c4547fa45ffddd1f0a930c7a15f3ec51a3d85f0a1aa7e7f5f3104	947144f7fe63615dab1057f152a266b87c870ae6b1d136ebead3ef2860ecaaf9	4535860	7187235211336082d95807d54fd2a2491919750245ab81c1bcfb42b285c0b626	/home/runner/work/graphite/graphite/shared-fixture64/graphs/fixture-tika-11
fixture-tika-12	tika	12	tika-app-2.9.2.jar	87e06f88c801fcb2beae5f15e707241edb14da468a154ad78be4e31ff982c3da	bee6ce3e1471f72c428ed8210b8a187606288b278b096222e4219a2d2c84dbe1	2106	248976	62181	__graphite_fixture64_absent_fixture-tika-12__	net.bytebuddy.pool.TypePool$Default$LazyTypeDescription$GenericTypeToken$ForTypeVariable$Formal$LazyTypeVariable$LazyBoundTokenList	get	4ae19527026f96f25303de2fd2e339b960403bbd7bbc52adaf2b9b51d72cafce	31	19a9fdab8ab4624f11588cca9d1a50a49ebd93ba3395ba8275a0a7ee495f7ea8	333b320af3f398d083e1d44b1a79e54fa546da12ce118f18db6f7cc3387398c8	4613932	a13f3e50c49426892968d84075c3fd1886f2b4dc6f41f6e41023227409c69b8c	/home/runner/work/graphite/graphite/shared-fixture64/graphs/fixture-tika-12
fixture-tika-13	tika	13	tika-app-2.9.2.jar	87e06f88c801fcb2beae5f15e707241edb14da468a154ad78be4e31ff982c3da	b8b6318a1fac44f1487205b2d1f39d2fa58ff1904c52e01629e2f0c7a2742e3c	2070	245295	59606	__graphite_fixture64_absent_fixture-tika-13__	net.bytebuddy.agent.builder.AgentBuilder$RedefinitionStrategy$DiscoveryStrategy$Reiterating$WithSortOrderAssumption$OrderedReiteratingIterable	get	60bd967b91263dc3a97c5002b96f5dd79bd950c3e56c0217703edc00735934b6	31	65357eb0ae793ad8ad5c4794add9891d8d13655869b824ad0f753408fc2f8651	697a328efd3d35078aa3cf7115b978f697299f7e0612d464eae79dc1cbc3f3c7	4290212	f8e31e96c26215acecfa7ad9ddea842b70e71eacf12f7fdda5fee265a45925d2	/home/runner/work/graphite/graphite/shared-fixture64/graphs/fixture-tika-13
fixture-tika-14	tika	14	tika-app-2.9.2.jar	87e06f88c801fcb2beae5f15e707241edb14da468a154ad78be4e31ff982c3da	ba55ec7b011c7d0ea1c068f7a0f8b578be53395dbc16c76fa4a0946a498a8f52	2019	246197	59770	__graphite_fixture64_absent_fixture-tika-14__	net.bytebuddy.dynamic.scaffold.TypeWriter$Default$ForInlining$WithFullProcessing$RedefinitionClassVisitor$AttributeObtainingRecordComponentVisitor	get	bb1776f3a0bafb2f96abe22b2fc6b422f56791ba5061a0f662b74ddf5d4e508d	31	a64a5cb628d445480428564d55a1960049e390be24103df753d1188926b081a9	530ac22d92e73256c57c4e234fccac50105308bcc26304451ee74f20a619f7a5	4495332	ce8ac36510f86e04361e8eb76c26c95ef63d605f7fd214b523496fd36c9cebc7	/home/runner/work/graphite/graphite/shared-fixture64/graphs/fixture-tika-14
fixture-tika-15	tika	15	tika-app-2.9.2.jar	87e06f88c801fcb2beae5f15e707241edb14da468a154ad78be4e31ff982c3da	6048d54bc50c0d50fa50d806a600a3282387b2141319b5742f1acfa452e71b0d	2059	292529	79133	__graphite_fixture64_absent_fixture-tika-15__	net.bytebuddy.agent.builder.AgentBuilder$DescriptionStrategy$SuperTypeLoading$Asynchronous$ThreadSwitchingClassLoadingDelegate$NotifyingClassLoadingAction	get	cd72e8c5ffb6d8155f31dc6e39a2d19e24f1abd46b24d5ada672ce128252eeaa	31	1c24265597ed307c86b14d8de1fd40807910962b0b70600e6775b723d8ce2c00	80331285783d790177bcaeeebf677e98900445b2273d41781c6e07aa5683a500	5240924	6b25a864f50d312bf007c69deca107db6751dcbefc7d9f2da4fd1f26db030344	/home/runner/work/graphite/graphite/shared-fixture64/graphs/fixture-tika-15
fixture-hive-00	hive	0	hive-exec-4.0.0.jar	232d67c5d2ff54806944bb5b7402eaf1ebb81f11dbe4fd51bc5604a8e0c0bdad	786362706be49346620721106a995e71aa6799e42f721b35db82ed9d5bcee277	2485	415533	102295	__graphite_fixture64_absent_fixture-hive-00__	org.apache.hadoop.hive.metastore.api.ThriftHiveMetastore$get_all_materialized_view_objects_for_rewriting_result$get_all_materialized_view_objects_for_rewriting_resultTupleSchemeFactory	get	a1bb93a74abb96bbd286d8a2614a5e152db40df78eab4fb2017bcd7db15fd417	20	8f84c2fa0ed5c6a41daee69973256d01475a4722485c7be933cdd1b73ad82cc7	ea11677be4d3166ee79e7aa4f8c5ff603c5cb6bb9f65649cfc46854eedb1b466	6926132	87b6593761e80abc468154c94b5f93ed6e43827f99f813023acf07e60fcbacd5	/home/runner/work/graphite/graphite/shared-fixture64/graphs/fixture-hive-00
fixture-hive-01	hive	1	hive-exec-4.0.0.jar	232d67c5d2ff54806944bb5b7402eaf1ebb81f11dbe4fd51bc5604a8e0c0bdad	d6b3900c04fe401eb61bcc92b8854945bc96d01197eed5f342d57284f6d369e9	2352	333994	81185	__graphite_fixture64_absent_fixture-hive-01__	org.apache.hadoop.hive.metastore.api.ThriftHiveMetastore$drop_partition_by_name_with_environment_context_result$drop_partition_by_name_with_environment_context_resultTupleSchemeFactory	get	95a54235f0bea05b9b1cb1d4b9ffd6fb901af06f66449db4abc705f6b7a7dec1	20	1cd3f6328f4337108521ff00f64047f879b483d87daf7f9363f6c785b64dfad9	3a9bab8befb64a5c5518ec83add10138c13ae31dfad00b5a26547f3cfc2bf0bb	5622516	04e04689fc6a01d5e61e5c052c9965555787f5c070fcfaeb93b46ebbd2da13b8	/home/runner/work/graphite/graphite/shared-fixture64/graphs/fixture-hive-01
fixture-hive-02	hive	2	hive-exec-4.0.0.jar	232d67c5d2ff54806944bb5b7402eaf1ebb81f11dbe4fd51bc5604a8e0c0bdad	4d8fb42d5dd7127cbe76d3dbd41dc3ae52b1ef0caee5bf1e5b3d739f1de40fc9	2515	411559	96064	__graphite_fixture64_absent_fixture-hive-02__	org.apache.hadoop.hive.metastore.api.ThriftHiveMetastore$drop_partition_by_name_with_environment_context_result$drop_partition_by_name_with_environment_context_resultStandardSchemeFactory	get	b6028a6b15ebe53211d82c7259589c6cf8fe077f1e35e31b7049e709ca26db4b	20	eda0041d904ade144dc4dc7288c5f4324d59e8752cfd098b9c281fcefbc5a444	058d31d4f0a17f6c8e80480702d6c2099e48867673bc0a8d99037f2244a27bbf	6585516	b22b59840efcbac234324ade8d1781e7343f83b10c9dfd47f314d2d3b10ea84c	/home/runner/work/graphite/graphite/shared-fixture64/graphs/fixture-hive-02
fixture-hive-03	hive	3	hive-exec-4.0.0.jar	232d67c5d2ff54806944bb5b7402eaf1ebb81f11dbe4fd51bc5604a8e0c0bdad	81510fdd7349cd6b1ef65c98bd3d95a6285031870905e98f16b13fc1ff35adc2	2440	394928	94421	__graphite_fixture64_absent_fixture-hive-03__	org.apache.hadoop.hive.metastore.api.ThriftHiveMetastore$get_materialization_invalidation_info_result$get_materialization_invalidation_info_resultStandardSchemeFactory	get	119d8cb536965c811da6aecd17f25d4aec20e11d44c64a5f3a400205c6eae60b	19	1844aee2ccee6179c254c202cd992f4bfb07155b8ce20c6f297a55214c5eb3f2	bc37ba5880a9fc3e89dea2bf6571ad8db10f8c499dfca7c678b831d8edb064fe	6527676	e7707a5c13b9606276eec3ab245e05b390d615e83a138df85409f71de6ea03dd	/home/runner/work/graphite/graphite/shared-fixture64/graphs/fixture-hive-03
fixture-hive-04	hive	4	hive-exec-4.0.0.jar	232d67c5d2ff54806944bb5b7402eaf1ebb81f11dbe4fd51bc5604a8e0c0bdad	dcb70604a17453d7a0384b9c4e1fef858d373bb8506ed7a459e399d4dec1842f	2466	373364	86012	__graphite_fixture64_absent_fixture-hive-04__	org.apache.hadoop.hive.metastore.api.ThriftHiveMetastore$drop_partition_by_name_with_environment_context_args$drop_partition_by_name_with_environment_context_argsStandardSchemeFactory	get	d2387ac2d72416b21bdb22e23aab84977e8d5796ca7f2f681361514663253cc8	19	70ac02e55d5ac8f10a1184ac651bc7ec6714965f08ae5338d5f9848db3a1715f	d6abca6af79ede3e783b4b1d1bb2f17c22db5cf0b5c70506d31ea6d33509dcc5	6017772	0d4a7f16410879b40a0e0f381cd0aa3edb153941e3582b8a9e270c7a76c0e1ef	/home/runner/work/graphite/graphite/shared-fixture64/graphs/fixture-hive-04
fixture-hive-05	hive	5	hive-exec-4.0.0.jar	232d67c5d2ff54806944bb5b7402eaf1ebb81f11dbe4fd51bc5604a8e0c0bdad	e62d4c243571de0e159513e03dbd67ffdcf9382502d0db96b32f78ceee9a8bc9	2452	361491	82642	__graphite_fixture64_absent_fixture-hive-05__	org.apache.hadoop.hive.metastore.api.ThriftHiveMetastore$append_partition_by_name_with_environment_context_result$append_partition_by_name_with_environment_context_resultTupleScheme	get	c81a1f3d536c5e481c0aa1ea9d4bf53cec5e7677ae1ccc5abcf14ed5635854e8	19	efb4276f014ffe55ca1170ce6f53dd1de82e8b8c22af093250d9cda608e58ac7	f7f4c2e85299b39f0b295436a0a678be80ea1fe4bd065c984fac7e3e79c02a1f	6038564	9a648c7f3c9597a18ce7f3d630420333f115b0b10326dad23bcb22eacd9eadd6	/home/runner/work/graphite/graphite/shared-fixture64/graphs/fixture-hive-05
fixture-hive-06	hive	6	hive-exec-4.0.0.jar	232d67c5d2ff54806944bb5b7402eaf1ebb81f11dbe4fd51bc5604a8e0c0bdad	4d83052f953fa32490881526f4afea0cbc7ef6877f7618ca713136896ffb93f9	2464	382987	86251	__graphite_fixture64_absent_fixture-hive-06__	org.apache.hadoop.hive.metastore.api.ThriftHiveMetastore$append_partition_by_name_with_environment_context_args$append_partition_by_name_with_environment_context_argsStandardSchemeFactory	get	7ec3f74585505524aec0564d9c600a2e3d34fd6286230d9a69af1f7d539322da	19	b01e502219fe101e83a077bdfe61b5b62a799b5279f2cd491113f739978dcc0c	ddfe0a17a6b176061c6908248fc9bbb24510f00e8ed40c2c068587464d0ab767	6277108	36b6f4ffe44310182b20fe49e36426fec7005039010721acc85cc3d0cb95cb95	/home/runner/work/graphite/graphite/shared-fixture64/graphs/fixture-hive-06
fixture-hive-07	hive	7	hive-exec-4.0.0.jar	232d67c5d2ff54806944bb5b7402eaf1ebb81f11dbe4fd51bc5604a8e0c0bdad	dad7d69fee642e14067908ac870f6f4c6d4a23d880983fc35ac9c17e7aed48fc	2438	421548	102028	__graphite_fixture64_absent_fixture-hive-07__	org.apache.hadoop.hive.metastore.api.ThriftHiveMetastore$get_all_materialized_view_objects_for_rewriting_args$get_all_materialized_view_objects_for_rewriting_argsStandardSchemeFactory	get	87cbaeb23c11ef1ad4a88bc6087274f66b4db310c3ccad40e1b3c31c2cd88949	19	6831837a292e3488257cb68c1d57dc085219cd62283e7f207f7048a246c119d1	5b909537f8397e9b454c56026974d9a0348f5c6147e1f2169fbaaa2eb1645822	6530436	0d36707f7460205b0c293067c6b3ea2d4d3b19288a8364764962d9b8bb60c64a	/home/runner/work/graphite/graphite/shared-fixture64/graphs/fixture-hive-07
fixture-hive-08	hive	8	hive-exec-4.0.0.jar	232d67c5d2ff54806944bb5b7402eaf1ebb81f11dbe4fd51bc5604a8e0c0bdad	9d32fbe01f10aa9a68fd3b36ad6c7b864f80cd61313260d14e4be7430824997c	2498	421277	99087	__graphite_fixture64_absent_fixture-hive-08__	org.apache.hadoop.hive.metastore.api.ThriftHiveMetastore$append_partition_by_name_with_environment_context_result$append_partition_by_name_with_environment_context_resultStandardSchemeFactory	get	d20c97b5ece67dd810aaeb44e5423f0b6bc576229eeaf37b8916ada616f84899	19	786c0d714621e1fc3b496afa7c7f8e27a5d4eb84d1757c8c49f0e42a457e67ad	a73da7b76b921f77b9fadceff4ca8a9274fa7524e6ce2fb87c035b118fdb9e31	6862052	8e98884ab1c63c0592506775a39fe8ecef1e8c5374e466f28b9fd4b1173e9384	/home/runner/work/graphite/graphite/shared-fixture64/graphs/fixture-hive-08
fixture-hive-09	hive	9	hive-exec-4.0.0.jar	232d67c5d2ff54806944bb5b7402eaf1ebb81f11dbe4fd51bc5604a8e0c0bdad	f9c5fc8ea0733551b8b03d563424f6a66dea46f74df1f2611a892e9c46139163	2345	366679	82759	__graphite_fixture64_absent_fixture-hive-09__	org.apache.hadoop.hive.metastore.api.ThriftHiveMetastore$append_partition_by_name_with_environment_context_args$append_partition_by_name_with_environment_context_argsStandardSchemeFactory	get	f845aad2e2e5097b3d5ab87afef0a0d480623dcbcc3654d611a21271c45978fd	19	42890c04181296fae7f3522e62ca3bb701acc91ef0e8dcb026d83c70f39b63f0	295df7bb9f479be56469bcfb34b70c143d1aff6e47944b80de9fd42e774be779	6406092	9d15b5b0d7e6bd16341dece341870456e554cc517b8bb5792af7a99b6df5c912	/home/runner/work/graphite/graphite/shared-fixture64/graphs/fixture-hive-09
fixture-hive-10	hive	10	hive-exec-4.0.0.jar	232d67c5d2ff54806944bb5b7402eaf1ebb81f11dbe4fd51bc5604a8e0c0bdad	5588e36b07a13a12f375005d534cb80eaa28e4e78ed1bcf829312632cc1e97c5	2441	334323	79356	__graphite_fixture64_absent_fixture-hive-10__	org.apache.hadoop.hive.metastore.api.ThriftHiveMetastore$append_partition_by_name_with_environment_context_result$append_partition_by_name_with_environment_context_resultStandardScheme	get	af3115e6d670df9ccc066bb9bb6eb0f660d6fbe1be9c23b4cadc4e04eaa014a4	19	8310a7091068398167e70f3d49ad823015cd10b208419cbd021cf445ed4f0a2f	e942f277a2b44bd11b03bd9380dd5388338721030a1701c31ff2277dd8f8cd9a	5798364	dfc8aef57e524cdf6fe8fff202cfec5a3ae906f7085f44e49a81c0a2d210867c	/home/runner/work/graphite/graphite/shared-fixture64/graphs/fixture-hive-10
fixture-hive-11	hive	11	hive-exec-4.0.0.jar	232d67c5d2ff54806944bb5b7402eaf1ebb81f11dbe4fd51bc5604a8e0c0bdad	66c0170a110e820ab5da4107d50a9c2650cbe052bc679e06a0fae13001387bf7	2465	352533	89373	__graphite_fixture64_absent_fixture-hive-11__	org.apache.hadoop.hive.metastore.api.ThriftHiveMetastore$get_materialization_invalidation_info_result$get_materialization_invalidation_info_resultStandardSchemeFactory	get	975edd3fbdeb41df078b1cf6f7c3e91949c8539c25b685b97d85a1e384acd0f9	19	81e7c627dac28a07a788d891dd8d7fcce52d9b516df785cb803bd5f7ab5a214a	fc0779b8fe9d9937d1e4cb4a3dba1379fc83c9a81125f4350e46a986c8531889	6262292	883061ce2d908b012373c495f665b9833b46e843a9f4f251209246b4026298ee	/home/runner/work/graphite/graphite/shared-fixture64/graphs/fixture-hive-11
fixture-hive-12	hive	12	hive-exec-4.0.0.jar	232d67c5d2ff54806944bb5b7402eaf1ebb81f11dbe4fd51bc5604a8e0c0bdad	ea78b8f05218112708032a6a8276cf2ff8c611eebdbe9da7b00acd0c75ef6ef3	2421	396703	93578	__graphite_fixture64_absent_fixture-hive-12__	org.apache.hadoop.hive.metastore.api.ThriftHiveMetastore$append_partition_by_name_with_environment_context_result$append_partition_by_name_with_environment_context_resultTupleSchemeFactory	get	29d548f556db8926a587d8a6cd27ecfc4e98e5d7784d850a3bedf833c617e654	19	c6467f03221757a569b5bb6c3e1c282145480dba0a2f2fb13433d224bd7cc0c0	b0c62bc41512e26a42d23ec1fd21c12eb0d433e252eed22e92d2246689f7489a	6300116	06367e53c00b5c6dd88f4c7bcfa1685c5b4ebe891df97c68f5e59aae6fd3ae29	/home/runner/work/graphite/graphite/shared-fixture64/graphs/fixture-hive-12
fixture-hive-13	hive	13	hive-exec-4.0.0.jar	232d67c5d2ff54806944bb5b7402eaf1ebb81f11dbe4fd51bc5604a8e0c0bdad	472c2e1200892e43273e4eb4df6ae853a6946f7c4c4babdd1bb1bd4e88088a22	2521	368970	86013	__graphite_fixture64_absent_fixture-hive-13__	org.apache.hadoop.hive.metastore.api.ThriftHiveMetastore$append_partition_by_name_with_environment_context_result$append_partition_by_name_with_environment_context_resultStandardSchemeFactory	get	a588e2afe7db3c3d4cd751d0aae5410de2b9ffa6d8564757e4a07dadcf9c6109	19	3ad43545cb02079bf73612e799741b8645e021012f4b42fd5b7b440471661857	2f758a1599ac4d799ee27ae81f81bfe54bc6240d59e8f003bf5cd782742affd0	6289828	8d1d9b634d7167e097066b4f120e0d40c487f929cc0d9adc685ef4a7472d5983	/home/runner/work/graphite/graphite/shared-fixture64/graphs/fixture-hive-13
fixture-hive-14	hive	14	hive-exec-4.0.0.jar	232d67c5d2ff54806944bb5b7402eaf1ebb81f11dbe4fd51bc5604a8e0c0bdad	07496f50c20ce190b0e25455c5b4e7fbaf3c3d7272569196b9b491ee35ecb055	2349	357675	88637	__graphite_fixture64_absent_fixture-hive-14__	org.apache.hadoop.hive.metastore.api.ThriftHiveMetastore$append_partition_by_name_with_environment_context_args$append_partition_by_name_with_environment_context_argsTupleScheme	get	1b76db76ad9592866acd5f97897f2588b60d033c832e7207c25f61cc00e3dd86	19	52a4fa9e4ef688ed344a62b5438170a341109b0c58eab2c151d78e35660c341f	960cf66cc8af0003002afe076d1f893b29b2a55fabfac7d5316eb3e3b9c46f67	6113340	dfb8236dcc47aa64014951f90281e19ccb603c952e64163bb3619260abb7dad9	/home/runner/work/graphite/graphite/shared-fixture64/graphs/fixture-hive-14
fixture-hive-15	hive	15	hive-exec-4.0.0.jar	232d67c5d2ff54806944bb5b7402eaf1ebb81f11dbe4fd51bc5604a8e0c0bdad	d7f7fe7eff40f9b25fbde3664af2ef5045ba671c3dd1c2716f77f9174d33dad5	2347	376820	87946	__graphite_fixture64_absent_fixture-hive-15__	org.apache.hadoop.hive.metastore.api.ThriftHiveMetastore$drop_partition_by_name_with_environment_context_args$drop_partition_by_name_with_environment_context_argsStandardScheme	get	faf26f6775b88c468746875b6fe3fb168c58e56b643d6dcfd62ace5dc9fcbf3a	19	5f8c22bc986c5eae16c9c068bde4296aa80b8a7065b1aa4d26dc12afdf61a913	d5c3f70f4e04fa9e3851b5ba956c39c64ff3bf4c48028255a069369d65d3e3dc	6046236	66f3c906a990e4088041560ed71c41b3aabb419be7923cdb72b659e1f30566c0	/home/runner/work/graphite/graphite/shared-fixture64/graphs/fixture-hive-15
fixture-kotlin-compiler-00	kotlin-compiler	0	kotlin-compiler-embeddable-2.0.21.jar	9fa8cdd1de0dccffe154c997d423ec6b5f53cd6d9177e3a77a9b0de03fb1bc81	f21c3dad6a7ec26ee997ce84667f1171310dce06e28d14e9eb8cc63cebdb86fa	1491	217622	59257	__graphite_fixture64_absent_fixture-kotlin-compiler-00__	org.jetbrains.kotlin.fir.resolve.calls.tower.FirInvokeResolveTowerExtension$enqueueResolveTasksForExpressionReceiver$$inlined$enqueueResolveForExplicitReceiver$1	get	cd59bb5b53e27551e2a62561cf44ab38009e9b5d6bdd766ebc0dcdb9a48479f6	2	6849f21a82928ae99af42e6c479cb97f609af3f0090ba0efefbaada7edbc4329	e0590ddba3b9b9f8de79bee6771cc2f41482d9bcf2b6d495c533f4d523602a1c	4949988	54296e37d51050204d9919ae618d5c472ae3470ad2f5883af582dfc73981253c	/home/runner/work/graphite/graphite/shared-fixture64/graphs/fixture-kotlin-compiler-00
fixture-kotlin-compiler-01	kotlin-compiler	1	kotlin-compiler-embeddable-2.0.21.jar	9fa8cdd1de0dccffe154c997d423ec6b5f53cd6d9177e3a77a9b0de03fb1bc81	7fa9a0ca37e9fe29b40b1e31c4d62eb3b3f23580f11e010d17b3d1387a46a4c0	1529	205755	55092	__graphite_fixture64_absent_fixture-kotlin-compiler-01__	org.jetbrains.kotlin.fir.analysis.jvm.checkers.expression.FirJavaSamConstructorNullabilityChecker$getReturnedExpressions$extractReturnedExpression$finallyBlockEnterNode$1	get	25f594e1c4e360a7c4e3afc2c21a09dd750c4120fa9ea14391c8b2633f0d42ee	2	12971ddf4d063e400bdc6ce0b8d6aa9db3d14ca8bf2fca2a17eb440d82799269	a2378f34cd746f343988852d75ea5d50b8bfe89e6cd965dacb19b742e3a8c966	4728652	fee722f973850de99389a5e0781192a25d9dbfdeed50a0de57159e776866b202	/home/runner/work/graphite/graphite/shared-fixture64/graphs/fixture-kotlin-compiler-01
fixture-kotlin-compiler-02	kotlin-compiler	2	kotlin-compiler-embeddable-2.0.21.jar	9fa8cdd1de0dccffe154c997d423ec6b5f53cd6d9177e3a77a9b0de03fb1bc81	02f7725b8557d7ba3d3d9400f9030179a0fdf5e391be4c4db0946a3fdc3c92bc	1599	193153	52094	__graphite_fixture64_absent_fixture-kotlin-compiler-02__	org.jetbrains.kotlin.analysis.decompiler.stub.file.AnnotationLoaderForClassFileStubBuilder$loadAnnotationsAndInitializers$1$AnnotationVisitorForMethod	get	da31e2d90739c1e2402e77e09a4a9f938d2f29b042de8b85b1ae096dda275ac9	2	13601a7c68d74f6ceda083f40583377d58ee8a8b3f3bde61a9bb657966fea310	b4996e09ff7c9fb90ce978374faa803d01485382a499402abfd9028048b79bf7	4649572	0608ee3d3e686c353f3b82d6758e1fefde029f3c6d284670e6c369c10aca1b00	/home/runner/work/graphite/graphite/shared-fixture64/graphs/fixture-kotlin-compiler-02
fixture-kotlin-compiler-03	kotlin-compiler	3	kotlin-compiler-embeddable-2.0.21.jar	9fa8cdd1de0dccffe154c997d423ec6b5f53cd6d9177e3a77a9b0de03fb1bc81	1b35758f27afac26c0167ed1e0ddc42f2c842e791bb427e88d32638016ff57eb	1616	178341	48917	__graphite_fixture64_absent_fixture-kotlin-compiler-03__	org.jetbrains.kotlin.backend.common.linkage.partial.PartiallyLinkedIrTreePatcher$ExpressionTransformer$checkArgumentsAndValueParameters$functionsToCheckDefaultValues$2	get	1e2a41a6157a84ec64a60c22f6e7afa25d163e31a5bbad428925b56d1314b069	2	7e042971fcddc6639984e4926a6ba0b3291887bcd333e02339dce18e5788554c	a2350bbcc2f1ba8738ae72b167e586240ce7149551e3fba11f7a358d11b7801e	4612020	1923ecd03ee8c0f9a1a4fb110c9a918cf0371839696327d9a3f71a9034c6a3c2	/home/runner/work/graphite/graphite/shared-fixture64/graphs/fixture-kotlin-compiler-03
fixture-kotlin-compiler-04	kotlin-compiler	4	kotlin-compiler-embeddable-2.0.21.jar	9fa8cdd1de0dccffe154c997d423ec6b5f53cd6d9177e3a77a9b0de03fb1bc81	242c2e9b94ffdae8b3e7b3919af803f392ffe7753c58cc2b55441834936c35fc	1591	217735	59098	__graphite_fixture64_absent_fixture-kotlin-compiler-04__	org.jetbrains.kotlin.com.intellij.util.io.PersistentHashMapValueStorage$SyncAbleBufferedOutputStreamOverCachedFileChannel$OutputStreamOverRandomAccessFileCache	get	4cee02cc2439ab6582ba0e1561ae45ddeeeeacb69b66ffa6c6e326aadcb16d3e	2	cc26e7da78ff4488ae1302d34924567909b48f74d395d858f1835729a1dbd641	1835d0591826a821b1c4a8a0df21cd273c40697176c253109b1663d9e56d64a0	5144116	3922d7345680aa9b7f924eb12ab141ea8fb1c0cfb75a4a946af84beedcd4a1f8	/home/runner/work/graphite/graphite/shared-fixture64/graphs/fixture-kotlin-compiler-04
fixture-kotlin-compiler-05	kotlin-compiler	5	kotlin-compiler-embeddable-2.0.21.jar	9fa8cdd1de0dccffe154c997d423ec6b5f53cd6d9177e3a77a9b0de03fb1bc81	8d0571a78a435801a59ef308120496ec9e4b607c7f95465c4d5cc3a378324411	1624	227660	62560	__graphite_fixture64_absent_fixture-kotlin-compiler-05__	org.jetbrains.kotlin.fir.resolve.transformers.plugin.AbstractFirSpecificAnnotationResolveTransformer$FirEnumAnnotationArgumentsTransformerDispatcher	get	1197b91e7e1f672f9b8158d66257fdebc7c999a87904091ec18d5fd2e162a6fd	2	5f16cc296f6e98c3c9f6132cb7107c10d186aa94b3feb4871c195e5ee16539bd	65de36ec09041582c4ff4a57708f099a7d72d4907a327e47ae026767f5ff0db0	5101956	66ec0d3fb7ae63c2bd954de9cdb4e0c4275bb091f06470a838fd2c56b5fbad95	/home/runner/work/graphite/graphite/shared-fixture64/graphs/fixture-kotlin-compiler-05
fixture-kotlin-compiler-06	kotlin-compiler	6	kotlin-compiler-embeddable-2.0.21.jar	9fa8cdd1de0dccffe154c997d423ec6b5f53cd6d9177e3a77a9b0de03fb1bc81	c93de118b70117011fe827b963b5639020af6abfc0bc85c826c202863a980a9c	1523	193592	52417	__graphite_fixture64_absent_fixture-kotlin-compiler-06__	org.jetbrains.kotlin.fir.backend.generators.Fir2IrDataClassGeneratedMemberBodyGenerator$MyDataClassMethodsGenerator$irDataClassMembersGenerator$1$Fir2IrHashCodeFunctionInfo	get	c1152b9e0e141da677106e75d367f2a96816c0ecfce97b0132cbbec931f96bb3	2	96d8876bdb9c58f2d155904539a9c32954c3c0028af7125883698478f4476b38	455e2dea20c33d78ad4888048700c76ead131cc5fff61b1b6745f3cf019d98c7	4666396	7a38748a66f420c206bf6337f15f474eb0e144955363ba825c0d7da58ae651df	/home/runner/work/graphite/graphite/shared-fixture64/graphs/fixture-kotlin-compiler-06
fixture-kotlin-compiler-07	kotlin-compiler	7	kotlin-compiler-embeddable-2.0.21.jar	9fa8cdd1de0dccffe154c997d423ec6b5f53cd6d9177e3a77a9b0de03fb1bc81	0d139fd04bec8f9c8172f95e1b48f3a5cb6021e6080607aea3554ea421da3c1d	1577	202111	54757	__graphite_fixture64_absent_fixture-kotlin-compiler-07__	org.jetbrains.kotlin.backend.jvm.serialization.JvmIdSignatureDescriptor$JvmDescriptorBasedSignatureBuilder$keepTrackOfOverridesForPossiblyClashingFakeOverride$$inlined$sortedBy$1	get	5bdc7c63cf8218ad56dba1559a9fc6c3a1e04905a5d0336e9ddc2c53dcd48ba4	2	0c12812c55390662c0309f75a25ca706e654312a5c0ef1de2922b96db462cff7	6c1c49dd5e3fe90a5fa68f9ab09606732d59b2cb006a42f463d6390d9a27f2a1	4653092	9c1d012864f0788eb8b799f6dc2b017a5e0c40f9d44f6a25ac02926fb214f92f	/home/runner/work/graphite/graphite/shared-fixture64/graphs/fixture-kotlin-compiler-07
fixture-kotlin-compiler-08	kotlin-compiler	8	kotlin-compiler-embeddable-2.0.21.jar	9fa8cdd1de0dccffe154c997d423ec6b5f53cd6d9177e3a77a9b0de03fb1bc81	ca5599f1dc2a03375b5a4997da27206c55f0848c873fc21590c94a681c046ca1	1531	219911	59877	__graphite_fixture64_absent_fixture-kotlin-compiler-08__	org.jetbrains.kotlin.fir.java.scopes.JavaClassUseSiteMemberScope$shouldBeVisibleAsOverrideOfBuiltInWithErasedValueParameters$$inlined$collectIntersectionResultsForCallables$1	get	d52785d1effd651bd19ac07911c998847ee512edf0d31cb6ae5cf010400167d0	2	e92eac8fd349fb7ff42ee209644cb03a0aa5d4227eef41a41808868dceed2c0d	37be466842d1f239df76fe55e92f6769fc0b2d6e47e43f0020c40a8ce8422cb0	4970244	239dc8e5f767b4db627087c3595adfa1ab3169689e14b5e34b68a69985d94efa	/home/runner/work/graphite/graphite/shared-fixture64/graphs/fixture-kotlin-compiler-08
fixture-kotlin-compiler-09	kotlin-compiler	9	kotlin-compiler-embeddable-2.0.21.jar	9fa8cdd1de0dccffe154c997d423ec6b5f53cd6d9177e3a77a9b0de03fb1bc81	6f3a9f6b488458b7aecd5b4c070a722cd93314ea3becd3e03c428ee425cea8ac	1502	225090	59459	__graphite_fixture64_absent_fixture-kotlin-compiler-09__	org.jetbrains.kotlin.types.expressions.DoubleColonExpressionResolver$resolveReservedExpressionSyntaxOnDoubleColonLHS$resultForReservedCallChain$1	get	cbcdb02131b509d2562ba24ade9586e9c57fba9b498c2990f4086e919d3faaf3	2	c96099b22621653fdf15599e3ca6f1d7ed46c87a0cf942d303e87ff791568de2	5bacb6648bba38e91cc033e69d42538b040b89f913b58ee2afebb53ba8d35c57	4823436	cbe91cc8ad8f0f52c613485286bc108d43a1da23f032fb4d56d136f6a184d080	/home/runner/work/graphite/graphite/shared-fixture64/graphs/fixture-kotlin-compiler-09
fixture-kotlin-compiler-10	kotlin-compiler	10	kotlin-compiler-embeddable-2.0.21.jar	9fa8cdd1de0dccffe154c997d423ec6b5f53cd6d9177e3a77a9b0de03fb1bc81	9a4088b887de260597237121c275ad96fb2f0683b56fc18dc02e56546e450dbc	1629	241993	64023	__graphite_fixture64_absent_fixture-kotlin-compiler-10__	org.jetbrains.kotlin.fir.analysis.checkers.declaration.FirMultipleDefaultsInheritedFromSupertypesChecker$checkFunction$$inlined$processOverriddenFunctions$1	get	0b97ee3087d4ada589225f62859a4c3725762e00ad8093713db8fc289503dd85	2	8063de876477662995b3f7e34c064a8a313f2515ca5a2582fe50803f933e33b5	634f1070c869c5f39ed7722d97b19c8976bc7fee623a8cfc705bcdd955e20759	5412020	c7206c323b3b7fd3d85d14a72ee3eb6d386a8eef6985f48802f213b1b96b2173	/home/runner/work/graphite/graphite/shared-fixture64/graphs/fixture-kotlin-compiler-10
fixture-kotlin-compiler-11	kotlin-compiler	11	kotlin-compiler-embeddable-2.0.21.jar	9fa8cdd1de0dccffe154c997d423ec6b5f53cd6d9177e3a77a9b0de03fb1bc81	62b8f4aa1b7e09c0ab28d970731a5f25ea6cabfc5c3b0ae344650bc7741f2d78	1476	192380	51565	__graphite_fixture64_absent_fixture-kotlin-compiler-11__	org.jetbrains.kotlin.analysis.decompiled.light.classes.KtLightEnumEntryForDecompiledDeclaration$getInitializingClass$$inlined$cachedValueWithLibraryTracker$1	get	eb0ba31f4e73e2889d0298bed79c46e505e81eb75e4e528182ad4d7e4f48756d	2	070c542f77a283d4d499328831ef6e9665361912bf59e5fb196f7fa4a3291e24	9e1bbfe33d12ec072b828f417bb9dcdab26d7daecb14898f31eb2d73cdaff93c	4412204	bf42c356c93c7fdce143880ec029246092f0b9b30e372375be672e1b20887d8c	/home/runner/work/graphite/graphite/shared-fixture64/graphs/fixture-kotlin-compiler-11
fixture-kotlin-compiler-12	kotlin-compiler	12	kotlin-compiler-embeddable-2.0.21.jar	9fa8cdd1de0dccffe154c997d423ec6b5f53cd6d9177e3a77a9b0de03fb1bc81	c04d6775d18179173d9b80fe076427e185f6de21e4686d447a807e94ecc8162b	1530	204741	54287	__graphite_fixture64_absent_fixture-kotlin-compiler-12__	org.jetbrains.kotlin.backend.common.linkage.partial.PartiallyLinkedIrTreePatcher$ExpressionTransformer$checkArgumentsAndValueParameters$functionsToCheckDefaultValues$2	get	9c46d685649eb1342d365c7a81ddc3618823b3fa03f46066c6255d8df67f576c	2	ca17b5fd23f71ef1bcd8f45304814339da63298bcf633eb680afd4764b0b83fe	45b0266366bbda196d2004ab993b070c325a01ec90b2c254cb7a89f0070e843a	4638388	f5279c0225acdb715425b8a1d1cab7232f69947669b64c728b17b48be1aabffc	/home/runner/work/graphite/graphite/shared-fixture64/graphs/fixture-kotlin-compiler-12
fixture-kotlin-compiler-13	kotlin-compiler	13	kotlin-compiler-embeddable-2.0.21.jar	9fa8cdd1de0dccffe154c997d423ec6b5f53cd6d9177e3a77a9b0de03fb1bc81	006f8b475003af5d9bac5821fc55c2e9e8d67f2896e5815ced55fb77ee35cd3b	1560	208131	57490	__graphite_fixture64_absent_fixture-kotlin-compiler-13__	org.jetbrains.kotlin.fir.resolve.transformers.contracts.FirAbstractContractResolveTransformerDispatcher$FirDeclarationsContractResolveTransformer$transformAnonymousObject$$inlined$withAnonymousObject$1	get	9977a1c43e88c68248d2be662c9ce1bcde1a64415472d055858f3e738c548d46	1	8598b97b420e66bf586be24e7eae67bdc2401998c7d3658532d18b2f28a4d2b5	aedca61396c53e1f40a6a8408974c2e44a02b0dd40978618ab51b02da9ecb430	5018028	082f86073094fb85047fc143a68ec8458bb967617bc7186da90b2c7b251c1fd5	/home/runner/work/graphite/graphite/shared-fixture64/graphs/fixture-kotlin-compiler-13
fixture-kotlin-compiler-14	kotlin-compiler	14	kotlin-compiler-embeddable-2.0.21.jar	9fa8cdd1de0dccffe154c997d423ec6b5f53cd6d9177e3a77a9b0de03fb1bc81	dfb0c6809b4771a332aa0c47b8c5c6cfe3f2070dcd48a0956787f4960d377edb	1573	202677	56472	__graphite_fixture64_absent_fixture-kotlin-compiler-14__	org.jetbrains.kotlin.fir.resolve.transformers.contracts.FirAbstractContractResolveTransformerDispatcher$FirDeclarationsContractResolveTransformer$transformAnonymousObject$$inlined$withAnonymousObject$1	get	866750059a7f66816a8ca59578d02ce645078f2012eee9383def2fe581ec1906	1	38fbeffc34ee01bc37cdc05f13c4fb3b8407830d63676cf382b77b8b6e50fd0f	7f28ad9f946e8d01109ca70944e08883f52dd5c6cb287fa2d5fade1909b610b0	4859356	6024302b971a21c6ed41c8264dae7b985e0f63fdac37fa963c68d98b138913ad	/home/runner/work/graphite/graphite/shared-fixture64/graphs/fixture-kotlin-compiler-14
fixture-kotlin-compiler-15	kotlin-compiler	15	kotlin-compiler-embeddable-2.0.21.jar	9fa8cdd1de0dccffe154c997d423ec6b5f53cd6d9177e3a77a9b0de03fb1bc81	d8d20a002e288a116c9b2544aa9e4c081a4159cdd58fbc891f8ac76e69e6926a	1590	202540	53001	__graphite_fixture64_absent_fixture-kotlin-compiler-15__	org.jetbrains.kotlin.analysis.decompiled.light.classes.KtLightEnumEntryForDecompiledDeclaration$getInitializingClass$$inlined$cachedValueWithLibraryTracker$1	get	27580e68db73fb72d1d2cd1fa4dade09b438f27006416ead588029bc784cf14f	1	de32a00b82d0e4fa940af31ff55432b0c7324cf0f98192a98ae995431019b26e	86015e396789c5c1cf86d1df3b0b97987a7b461bfcfb129491f3d758793d1d65	4617724	dc5175ce1e8eb50efa976a3a725ab6aae07bd0771b2679aea158997bb60f9ce2	/home/runner/work/graphite/graphite/shared-fixture64/graphs/fixture-kotlin-compiler-15
